5093,50;0,000016
5094;0,000015
5094,56;0,000015
5095,08;0,000014
5095,63;0,000013
5096,13;0,000013
5096,66;0,000013
5097,19;0,000012
5097,70;0,000012
5098,26;0,000012
5098,80;0,000012
5099,33;0,000012
5099,88;0,000011
5100,42;0,000011
5101;0,000011
5101,55;0,000011
5102,13;0,000011
5102,70;0,000011
5103,22;0,000011
5103,78;0,000011
5104,38;0,000011
5104,95;0,000011
5105,47;0,000011
5106,03;0,000011
5106,59;0,000011
5107,14;0,000011
5107,67;0,000011
5108,25;0,000011
5108,83;0,000011
5109,41;0,000011
5109,92;0,000011
5110,48;0,00001
5111;0,00001
5111,55;0,00001
5112,05;0,00001
5112,58;0,00001
5113,14;0,0000099
5113,72;0,0000098
5114,25;0,0000097
5114,80;0,0000096
5115,31;0,0000095
5115,88;0,0000094
5116,45;0,0000094
5117,01;0,0000093
5117,55;0,0000093
5118,06;0,0000092
5118,64;0,0000092
5119,16;0,0000091
5119,72;0,000009
5120,23;0,000009
5120,81;0,0000089
5121,39;0,0000089
5121,98;0,0000088
5122,51;0,0000088
5123,06;0,0000087
5123,59;0,0000087
5124,14;0,0000087
5124,70;0,0000086
5125,25;0,0000086
5125,81;0,0000086
5126,34;0,0000086
5126,89;0,0000087
5127,41;0,0000087
5128;0,0000087
5128,56;0,0000087
5129,08;0,0000086
5129,64;0,0000086
5130,16;0,0000082
5130,73;0,0000081
5131,25;0,0000081
5131,80;0,000008
5132,33;0,000008
5132,86;0,0000079
5133,38;0,0000079
5133,94;0,0000078
5134,45;0,0000078
5135,01;0,0000077
5135,59;0,0000077
5136,13;0,0000077
5136,69;0,0000076
5137,26;0,0000076
5137,78;0,0000076
5138,34;0,0000075
5138,88;0,0000075
5139,42;0,0000075
5139,95;0,0000075
5140,50;0,0000075
5141,03;0,0000076
5141,59;0,0000076
5142,13;0,0000077
5142,67;0,0000077
5143,20;0,0000076
5143,75;0,0000076
5144,33;0,0000073
5144,92;0,0000072
5145,45;0,0000071
5146;0,0000071
5146,53;0,0000071
5147,08;0,000007
5147,61;0,000007
5148,16;0,000007
5148,73;0,0000069
5149,25;0,0000069
5149,81;0,0000069
5150,34;0,0000069
5150,89;0,0000069
5151,44;0,0000069
5152;0,0000069
5152,51;0,0000069
5153,08;0,0000069
5153,63;0,000007
5154,17;0,0000071
5154,69;0,0000071
5155,25;0,000007
5155,76;0,0000071
5156,31;0,0000067
5156,84;0,0000066
5157,38;0,0000066
5157,89;0,0000066
5158,44;0,0000066
5158,98;0,0000065
5159,55;0,0000065
5160,06;0,0000064
5160,63;0,0000064
5161,17;0,0000064
5161,72;0,0000064
5162,31;0,0000064
5162,88;0,0000064
5163,42;0,0000065
5163,95;0,0000066
5164,47;0,0000067
5165;0,0000066
5165,51;0,0000066
5166,03;0,0000066
5166,59;0,0000066
5167,11;0,0000066
5167,64;0,0000062
5168,19;0,0000062
5168,76;0,0000062
5169,36;0,0000061
5169,92;0,0000061
5170,44;0,0000061
5170,97;0,0000061
5171,51;0,0000061
5172,03;0,0000061
5172,58;0,000006
5173,16;0,0000061
5173,69;0,0000061
5174,23;0,0000061
5174,76;0,0000063
5175,31;0,0000063
5175,86;0,0000062
5176,45;0,0000063
5177,01;0,0000062
5177,56;0,0000062
5178,11;0,0000063
5178,69;0,0000062
5179,20;0,0000062
5179,76;0,0000062
5180,31;0,0000063
5180,84;0,0000063
5181,36;0,0000062
5181,92;0,0000062
5182,50;0,0000061
5183,03;0,0000061
5183,58;0,0000061
5184,11;0,000006
5184,66;0,000006
5185,22;0,000006
5185,78;0,0000061
5186,30;0,0000057
5186,86;0,0000057
5187,38;0,0000057
5187,94;0,0000057
5188,47;0,0000056
5189,01;0,0000056
5189,61;0,0000056
5190,19;0,0000056
5190,70;0,0000056
5191,26;0,0000056
5191,80;0,0000057
5192,34;0,0000057
5192,88;0,0000058
5193,42;0,0000057
5194;0,0000057
5194,55;0,0000058
5195,13;0,0000055
5195,66;0,0000055
5196,20;0,0000055
5196,72;0,0000054
5197,25;0,0000054
5197,81;0,0000054
5198,34;0,0000054
5198,88;0,0000054
5199,42;0,0000054
5199,95;0,0000054
5200,50;0,0000056
5201,01;0,0000056
5201,61;0,0000056
5202,17;0,0000055
5202,72;0,0000056
5203,25;0,0000055
5203,76;0,0000055
5204,33;0,0000055
5204,86;0,0000056
5205,41;0,0000055
5205,92;0,0000053
5206,50;0,0000053
5207,08;0,0000052
5207,59;0,0000052
5208,16;0,0000052
5208,69;0,0000052
5209,23;0,0000052
5209,76;0,0000052
5210,30;0,0000053
5210,84;0,0000054
5211,38;0,0000054
5211,89;0,0000054
5212,45;0,0000053
5212,98;0,0000054
5213,55;0,0000054
5214,13;0,0000054
5214,64;0,0000053
5215,20;0,0000053
5215,73;0,0000053
5216,28;0,0000053
5216,81;0,0000051
5217,39;0,0000051
5217,91;0,0000051
5218,47;0,0000051
5219,06;0,000005
5219,61;0,000005
5220,14;0,000005
5220,66;0,000005
5221,22;0,0000051
5221,75;0,0000052
5222,30;0,0000052
5222,81;0,0000052
5223,36;0,0000051
5223,95;0,0000052
5224,48;0,0000052
5225,05;0,0000052
5225,58;0,0000051
5226,11;0,0000051
5226,63;0,0000049
5227,19;0,0000049
5227,70;0,0000049
5228,26;0,0000049
5228,78;0,0000049
5229,30;0,0000049
5229,84;0,0000049
5230,38;0,000005
5230,94;0,0000051
5231,45;0,0000051
5232;0,000005
5232,58;0,000005
5233,13;0,000005
5233,67;0,000005
5234,20;0,000005
5234,75;0,0000049
5235,28;0,0000049
5235,81;0,0000049
5236,33;0,0000048
5236,89;0,0000048
5237,42;0,0000048
5237,97;0,0000048
5238,50;0,0000047
5239,06;0,0000048
5239,64;0,0000049
5240,17;0,0000049
5240,72;0,0000049
5241,25;0,0000049
5241,80;0,0000049
5242,33;0,0000049
5242,88;0,0000049
5243,44;0,0000049
5243,97;0,0000049
5244,50;0,0000047
5245,05;0,0000047
5245,58;0,0000047
5246,16;0,0000047
5246,73;0,0000047
5247,30;0,0000047
5247,83;0,0000049
5248,38;0,0000048
5248,89;0,0000048
5249,45;0,0000048
5250,05;0,0000047
5250,56;0,0000047
5251,13;0,0000047
5251,64;0,0000047
5252,20;0,0000046
5252,72;0,0000046
5253,28;0,0000046
5253,81;0,0000046
5254,36;0,0000046
5254,92;0,0000047
5255,47;0,0000047
5256,03;0,0000047
5256,56;0,0000047
5257,09;0,0000046
5257,64;0,0000046
5258,17;0,0000046
5258,72;0,0000046
5259,25;0,0000045
5259,80;0,0000045
5260,39;0,0000045
5260,91;0,0000045
5261,47;0,0000046
5261,98;0,0000046
5262,55;0,0000046
5263,06;0,0000046
5263,63;0,0000046
5264,20;0,0000045
5264,78;0,0000045
5265,31;0,0000045
5265,88;0,0000045
5266,41;0,0000045
5266,98;0,0000045
5267,56;0,0000045
5268,11;0,0000046
5268,66;0,0000046
5269,22;0,0000046
5269,73;0,0000045
5270,30;0,0000045
5270,81;0,0000047
5271,33;0,0000047
5271,86;0,0000046
5272,42;0,0000045
5272,95;0,0000044
5273,48;0,0000044
5274,03;0,0000043
5274,63;0,0000043
5275,16;0,0000043
5275,72;0,0000043
5276,26;0,0000043
5276,78;0,0000043
5277,30;0,0000043
5277,86;0,0000043
5278,38;0,0000043
5278,92;0,0000043
5279,50;0,0000045
5280,03;0,0000043
5280,55;0,0000043
5281,08;0,0000042
5281,61;0,0000042
5282,16;0,0000042
5282,67;0,0000042
5283,23;0,0000042
5283,81;0,0000042
5284,34;0,0000042
5284,89;0,0000042
5285,41;0,0000042
5285,92;0,0000042
5286,47;0,0000042
5287;0,0000042
5287,56;0,0000043
5288,09;0,0000042
5288,63;0,0000042
5289,17;0,0000041
5289,70;0,0000041
5290,22;0,0000041
5290,78;0,0000041
5291,31;0,0000041
5291,86;0,0000041
5292,38;0,0000041
5292,92;0,0000041
5293,45;0,0000041
5294,01;0,0000041
5294,55;0,0000041
5295,11;0,0000041
5295,67;0,0000041
5296,22;0,0000041
5296,80;0,0000041
5297,33;0,0000041
5297,86;0,0000041
5298,41;0,0000041
5298,94;0,0000041
5299,47;0,0000041
5300,01;0,0000041
5300,55;0,0000041
5301,09;0,0000041
5301,63;0,000004
5302,19;0,000004
5302,73;0,000004
5303,26;0,000004
5303,84;0,0000043
5304,36;0,0000044
5304,92;0,0000043
5305,51;0,0000043
5306,09;0,0000043
5306,61;0,0000044
5307,17;0,0000043
5307,70;0,0000043
5308,25;0,0000042
5308,78;0,0000041
5309,33;0,0000043
5309,89;0,0000042
5310,44;0,0000041
5311;0,000004
5311,53;0,000004
5312,06;0,000004
5312,61;0,0000039
5313,19;0,0000039
5313,78;0,0000039
5314,36;0,0000039
5314,89;0,0000039
5315,44;0,0000039
5315,95;0,0000039
5316,51;0,0000039
5317,06;0,0000039
5317,61;0,0000039
5318,16;0,0000039
5318,69;0,0000039
5319,20;0,0000039
5319,78;0,0000039
5320,33;0,0000039
5320,86;0,0000039
5321,38;0,0000039
5321,95;0,0000039
5322,55;0,0000039
5323,13;0,0000039
5323,69;0,0000039
5324,20;0,0000039
5324,73;0,0000039
5325,27;0,0000039
5325,81;0,0000039
5326,34;0,0000039
5326,92;0,0000039
5327,45;0,0000038
5328,02;0,0000039
5328,53;0,0000039
5329,05;0,0000038
5329,59;0,0000038
5330,13;0,0000038
5330,67;0,0000038
5331,25;0,0000042
5331,78;0,0000042
5332,34;0,0000042
5332,88;0,0000042
5333,44;0,0000042
5333,95;0,0000042
5334,50;0,0000041
5335,02;0,0000041
5335,58;0,000004
5336,09;0,000004
5336,69;0,0000041
5337,27;0,0000039
5337,84;0,0000038
5338,42;0,0000038
5338,97;0,0000038
5339,55;0,0000038
5340,08;0,0000038
5340,63;0,0000038
5341,14;0,0000038
5341,70;0,0000038
5342,23;0,0000038
5342,78;0,0000038
5343,31;0,0000038
5343,84;0,0000038
5344,38;0,0000038
5344,94;0,0000038
5345,53;0,0000038
5346,09;0,0000038
5346,64;0,0000038
5347,19;0,0000038
5347,72;0,0000038
5348,27;0,0000037
5348,81;0,0000038
5349,34;0,0000037
5349,86;0,0000037
5350,42;0,0000037
5351;0,0000037
5351,53;0,0000037
5352,08;0,0000037
5352,61;0,0000037
5353,16;0,0000037
5353,69;0,0000037
5354,23;0,0000037
5354,77;0,0000037
5355,33;0,0000037
5355,88;0,0000037
5356,41;0,0000037
5356,94;0,0000036
5357,52;0,0000037
5358,03;0,0000036
5358,59;0,0000036
5359,17;0,0000036
5359,70;0,0000036
5360,23;0,0000036
5360,77;0,0000036
5361,31;0,0000036
5361,84;0,0000036
5362,41;0,0000036
5362,95;0,0000036
5363,48;0,0000036
5364,03;0,0000036
5364,56;0,0000036
5365,08;0,0000036
5365,64;0,0000036
5366,17;0,0000036
5366,72;0,0000036
5367,23;0,0000036
5367,81;0,0000036
5368,33;0,0000036
5368,88;0,0000036
5369,41;0,0000036
5369,97;0,0000036
5370,53;0,0000036
5371,05;0,0000036
5371,61;0,0000036
5372,13;0,0000035
5372,69;0,0000035
5373,20;0,0000035
5373,77;0,0000035
5374,30;0,0000035
5374,86;0,0000035
5375,44;0,0000035
5375,97;0,0000035
5376,52;0,0000035
5377,05;0,0000035
5377,59;0,0000035
5378,13;0,0000035
5378,70;0,0000035
5379,22;0,0000035
5379,78;0,0000035
5380,38;0,0000035
5380,91;0,0000035
5381,45;0,0000035
5381,97;0,0000035
5382,53;0,0000035
5383,06;0,0000035
5383,61;0,0000035
5384,14;0,0000035
5384,67;0,0000035
5385,25;0,0000035
5385,77;0,0000035
5386,34;0,0000035
5386,89;0,0000035
5387,42;0,0000034
5387,94;0,0000035
5388,50;0,0000034
5389,02;0,0000034
5389,58;0,0000034
5390,09;0,0000034
5390,66;0,0000034
5391,17;0,0000034
5391,72;0,0000034
5392,27;0,0000034
5392,81;0,0000034
5393,34;0,0000034
5393,89;0,0000034
5394,44;0,0000034
5394,97;0,0000034
5395,48;0,0000034
5396,05;0,0000034
5396,63;0,0000034
5397,14;0,0000034
5397,70;0,0000034
5398,23;0,0000034
5398,78;0,0000034
5399,31;0,0000034
5399,86;0,0000034
5400,39;0,0000034
5400,94;0,0000034
5401,48;0,0000034
5402,03;0,0000034
5402,56;0,0000034
5403,14;0,0000034
5403,66;0,0000034
5404,19;0,0000034
5404,75;0,0000034
5405,28;0,0000034
5405,81;0,0000034
5406,36;0,0000034
5406,89;0,0000034
5407,47;0,0000034
5408,05;0,0000033
5408,63;0,0000033
5409,20;0,0000033
5409,73;0,0000033
5410,30;0,0000033
5410,83;0,0000033
5411,38;0,0000033
5411,91;0,0000033
5412,48;0,0000033
5413,02;0,0000033
5413,58;0,0000033
5414,16;0,0000033
5414,69;0,0000033
5415,23;0,0000033
5415,75;0,0000033
5416,30;0,0000033
5416,84;0,0000033
5417,38;0,0000033
5417,92;0,0000033
5418,45;0,0000033
5419,03;0,0000033
5419,55;0,0000033
5420,11;0,0000033
5420,66;0,0000033
5421,20;0,0000033
5421,78;0,0000033
5422,30;0,0000033
5422,84;0,0000034
5423,39;0,0000033
5423,94;0,0000034
5424,45;0,0000034
5424,97;0,0000034
5425,50;0,0000034
5426,05;0,0000034
5426,59;0,0000035
5427,13;0,0000035
5427,69;0,0000035
5428,23;0,0000038
5428,77;0,000004
5429,31;0,0000039
5429,83;0,0000039
5430,39;0,0000038
5430,94;0,0000037
5431,50;0,0000037
5432,02;0,0000036
5432,56;0,0000036
5433,13;0,0000035
5433,67;0,0000036
5434,22;0,0000035
5434,77;0,0000034
5435,34;0,0000034
5435,92;0,0000034
5436,44;0,0000034
5437;0,0000034
5437,58;0,0000034
5438,14;0,0000033
5438,69;0,0000033
5439,22;0,0000033
5439,78;0,0000033
5440,33;0,0000033
5440,86;0,0000033
5441,39;0,0000033
5441,92;0,0000033
5442,47;0,0000033
5443,02;0,0000033
5443,61;0,0000033
5444,19;0,0000033
5444,77;0,0000033
5445,31;0,0000033
5445,89;0,0000033
5446,44;0,0000033
5446,97;0,0000033
5447,48;0,0000033
5448,05;0,0000033
5448,56;0,0000033
5449,13;0,0000032
5449,69;0,0000032
5450,23;0,0000032
5450,78;0,0000032
5451,31;0,0000032
5451,88;0,0000032
5452,45;0,0000032
5452,98;0,0000032
5453,53;0,0000032
5454,06;0,0000032
5454,61;0,0000032
5455,19;0,0000032
5455,70;0,0000032
5456,27;0,0000032
5456,78;0,0000032
5457,34;0,0000032
5457,86;0,0000032
5458,42;0,0000032
5458,95;0,0000032
5459,50;0,0000031
5460,03;0,0000031
5460,58;0,0000031
5461,11;0,0000031
5461,66;0,0000031
5462,22;0,0000031
5462,75;0,0000031
5463,28;0,0000031
5463,83;0,0000031
5464,36;0,0000031
5464,91;0,0000031
5465,42;0,0000031
5465,97;0,0000031
5466,52;0,0000031
5467,08;0,0000031
5467,63;0,0000031
5468,16;0,0000031
5468,67;0,0000031
5469,23;0,0000031
5469,77;0,0000031
5470,31;0,0000031
5470,83;0,0000031
5471,38;0,0000031
5471,91;0,0000031
5472,45;0,0000031
5472,97;0,0000031
5473,52;0,0000031
5474,06;0,000003
5474,63;0,000003
5475,14;0,000003
5475,70;0,000003
5476,25;0,000003
5476,80;0,000003
5477,38;0,000003
5477,89;0,000003
5478,47;0,000003
5479,05;0,000003
5479,63;0,000003
5480,14;0,000003
5480,70;0,000003
5481,22;0,000003
5481,78;0,000003
5482,30;0,000003
5482,81;0,000003
5483,36;0,000003
5483,94;0,000003
5484,47;0,000003
5485,02;0,000003
5485,55;0,000003
5486,09;0,000003
5486,64;0,000003
5487,23;0,000003
5487,80;0,000003
5488,34;0,000003
5488,89;0,000003
5489,47;0,000003
5489,98;0,000003
5490,55;0,000003
5491,06;0,000003
5491,63;0,000003
5492,17;0,000003
5492,70;0,000003
5493,28;0,000003
5493,81;0,000003
5494,36;0,000003
5494,91;0,000003
5495,50;0,000003
5496,06;0,0000029
5496,59;0,000003
5497,14;0,000003
5497,66;0,000003
5498,23;0,000003
5498,81;0,000003
5499,33;0,000003
5499,86;0,000003
5500,39;0,000003
5500,97;0,000003
5501,48;0,000003
5502,05;0,000003
5502,58;0,000003
5503,13;0,000003
5503,66;0,000003
5504,22;0,000003
5504,73;0,000003
5505,28;0,000003
5505,86;0,000003
5506,38;0,000003
5506,94;0,0000031
5507,48;0,0000031
5508,03;0,0000031
5508,59;0,0000031
5509,13;0,0000031
5509,66;0,0000031
5510,20;0,0000031
5510,73;0,0000031
5511,30;0,0000031
5511,89;0,0000031
5512,41;0,0000031
5512,95;0,0000031
5513,47;0,0000031
5514,03;0,0000031
5514,55;0,0000032
5515,13;0,0000031
5515,67;0,0000031
5516,20;0,0000031
5516,72;0,0000031
5517,28;0,0000031
5517,86;0,0000031
5518,38;0,0000031
5518,94;0,0000031
5519,47;0,0000031
5520,02;0,0000031
5520,55;0,0000031
5521,08;0,0000031
5521,63;0,0000031
5522,16;0,0000032
5522,67;0,0000031
5523,23;0,0000032
5523,77;0,0000031
5524,33;0,0000032
5524,91;0,0000032
5525,42;0,0000032
5525,98;0,0000032
5526,52;0,0000032
5527,08;0,0000032
5527,59;0,0000032
5528,14;0,0000032
5528,67;0,000003
5529,22;0,000003
5529,78;0,000003
5530,31;0,000003
5530,84;0,000003
5531,39;0,0000031
5531,92;0,000003
5532,47;0,000003
5533,02;0,0000031
5533,56;0,0000031
5534,09;0,0000031
5534,64;0,0000031
5535,19;0,0000031
5535,72;0,0000031
5536,23;0,0000031
5536,80;0,0000031
5537,38;0,0000031
5537,91;0,0000031
5538,47;0,0000031
5539,05;0,0000031
5539,56;0,0000031
5540,08;0,0000031
5540,63;0,0000031
5541,16;0,0000032
5541,70;0,0000032
5542,30;0,0000032
5542,81;0,0000032
5543,38;0,0000032
5543,94;0,0000032
5544,45;0,0000032
5544,98;0,0000032
5545,53;0,0000032
5546,06;0,0000032
5546,59;0,0000032
5547,11;0,0000032
5547,67;0,0000033
5548,20;0,0000033
5548,77;0,0000033
5549,28;0,0000034
5549,84;0,0000035
5550,36;0,0000034
5550,92;0,0000034
5551,50;0,0000033
5552,03;0,0000032
5552,58;0,0000031
5553,11;0,0000031
5553,66;0,000003
5554,20;0,0000029
5554,80;0,0000029
5555,36;0,0000029
5555,88;0,0000029
5556,45;0,0000029
5556,97;0,0000029
5557,52;0,0000029
5558,03;0,0000029
5558,58;0,0000029
5559,11;0,0000029
5559,66;0,0000029
5560,17;0,0000028
5560,75;0,0000028
5561,30;0,0000029
5561,83;0,0000028
5562,34;0,0000028
5562,91;0,0000028
5563,48;0,0000028
5564;0,0000028
5564,56;0,0000028
5565,09;0,0000028
5565,64;0,0000028
5566,17;0,0000028
5566,72;0,0000028
5567,30;0,0000027
5567,81;0,0000028
5568,38;0,0000027
5568,89;0,0000027
5569,45;0,0000027
5570;0,0000027
5570,55;0,0000027
5571,11;0,0000027
5571,64;0,0000027
5572,17;0,0000027
5572,72;0,0000027
5573,25;0,0000027
5573,83;0,0000027
5574,41;0,0000027
5574,97;0,0000027
5575,52;0,0000027
5576,06;0,0000027
5576,59;0,0000026
5577,16;0,0000027
5577,69;0,0000027
5578,23;0,0000027
5578,77;0,0000026
5579,30;0,0000026
5579,81;0,0000027
5580,38;0,0000026
5580,91;0,0000026
5581,45;0,0000026
5581,98;0,0000026
5582,52;0,0000026
5583,06;0,0000026
5583,59;0,0000026
5584,11;0,0000026
5584,67;0,0000026
5585,19;0,0000026
5585,75;0,0000026
5586,28;0,0000026
5586,84;0,0000026
5587,42;0,0000026
5587,94;0,0000026
5588,50;0,0000026
5589,03;0,0000026
5589,58;0,0000026
5590,11;0,0000026
5590,66;0,0000026
5591,19;0,0000026
5591,73;0,0000026
5592,28;0,0000026
5592,86;0,0000026
5593,41;0,0000026
5593,94;0,0000026
5594,45;0,0000026
5595,02;0,0000026
5595,59;0,0000026
5596,13;0,0000026
5596,69;0,0000026
5597,27;0,0000026
5597,78;0,0000026
5598,34;0,0000026
5598,86;0,0000026
5599,41;0,0000026
5599,92;0,0000026
5600,48;0,0000026
5601;0,0000025
5601,56;0,0000025
5602,09;0,0000026
5602,64;0,0000026
5603,17;0,0000026
5603,73;0,0000026
5604,31;0,0000026
5604,84;0,0000026
5605,39;0,0000026
5605,92;0,0000026
5606,47;0,0000026
5607;0,0000027
5607,55;0,0000027
5608,11;0,0000026
5608,64;0,0000027
5609,17;0,0000027
5609,72;0,0000027
5610,25;0,0000027
5610,83;0,0000027
5611,38;0,0000027
5611,94;0,0000027
5612,48;0,0000027
5613,05;0,0000027
5613,58;0,0000027
5614,14;0,0000027
5614,67;0,0000027
5615,22;0,0000027
5615,75;0,0000027
5616,30;0,0000027
5616,83;0,0000027
5617,38;0,0000027
5617,89;0,0000027
5618,47;0,0000028
5619,03;0,0000028
5619,56;0,0000028
5620,11;0,0000028
5620,67;0,0000028
5621,22;0,0000028
5621,78;0,0000028
5622,31;0,0000028
5622,84;0,0000028
5623,39;0,0000029
5623,92;0,0000029
5624,47;0,000003
5625,02;0,0000032
5625,56;0,0000042
5626,14;0,0000045
5626,72;0,0000047
5627,23;0,0000049
5627,80;0,000005
5628,38;0,0000051
5628,89;0,0000053
5629,41;0,0000055
5629,95;0,0000057
5630,47;0,0000057
5631,03;0,0000057
5631,56;0,0000057
5632,11;0,0000057
5632,66;0,0000057
5633,19;0,0000057
5633,73;0,0000057
5634,27;0,0000057
5634,78;0,0000057
5635,34;0,0000057
5635,88;0,0000057
5636,42;0,0000057
5636,95;0,0000057
5637,50;0,0000057
5638,08;0,0000057
5638,61;0,0000057
5639,17;0,0000057
5639,70;0,0000057
5640,25;0,0000057
5640,78;0,0000057
5641,36;0,0000057
5641,89;0,0000057
5642,45;0,0000057
5643,03;0,0000057
5643,61;0,0000057
5644,13;0,0000057
5644,69;0,0000057
5645,27;0,0000057
5645,80;0,0000057
5646,34;0,0000057
5646,86;0,0000057
5647,38;0,0000057
5647,94;0,0000057
5648,50;0,0000056
5649,03;0,0000057
5649,58;0,0000056
5650,13;0,0000057
5650,70;0,0000056
5651,30;0,0000056
5651,86;0,0000056
5652,38;0,0000056
5652,94;0,0000056
5653,45;0,0000056
5654;0,0000056
5654,58;0,0000056
5655,09;0,0000056
5655,66;0,0000056
5656,20;0,0000056
5656,75;0,0000056
5657,31;0,0000056
5657,84;0,0000056
5658,38;0,0000056
5658,92;0,0000056
5659,45;0,0000056
5660,03;0,0000056
5660,61;0,0000056
5661,14;0,0000056
5661,67;0,0000056
5662,20;0,0000056
5662,75;0,0000056
5663,27;0,0000055
5663,83;0,0000056
5664,42;0,0000056
5664,94;0,0000056
5665,50;0,0000055
5666,08;0,0000055
5666,59;0,0000055
5667,16;0,0000055
5667,69;0,0000055
5668,23;0,0000055
5668,77;0,0000055
5669,31;0,0000055
5669,84;0,0000055
5670,39;0,0000055
5670,94;0,0000055
5671,48;0,0000055
5672,02;0,0000055
5672,59;0,0000055
5673,11;0,0000055
5673,66;0,0000055
5674,20;0,0000055
5674,73;0,0000055
5675,28;0,0000055
5675,81;0,0000055
5676,36;0,0000055
5676,89;0,0000055
5677,42;0,0000055
5677,98;0,0000055
5678,56;0,0000055
5679,11;0,0000055
5679,64;0,0000055
5680,16;0,0000055
5680,72;0,0000055
5681,30;0,0000055
5681,89;0,0000055
5682,41;0,0000055
5682,97;0,0000055
5683,50;0,0000054
5684,05;0,0000054
5684,56;0,0000054
5685,08;0,0000054
5685,61;0,0000054
5686,13;0,0000054
5686,69;0,0000054
5687,20;0,0000054
5687,77;0,0000054
5688,30;0,0000054
5688,84;0,0000054
5689,38;0,0000054
5689,92;0,0000054
5690,50;0,0000054
5691,03;0,0000054
5691,59;0,0000054
5692,13;0,0000054
5692,67;0,0000054
5693,20;0,0000054
5693,75;0,0000054
5694,28;0,0000054
5694,84;0,0000054
5695,39;0,0000054
5695,92;0,0000054
5696,45;0,0000054
5697;0,0000054
5697,58;0,0000054
5698,16;0,0000054
5698,67;0,0000054
5699,22;0,0000053
5699,75;0,0000054
5700,28;0,0000053
5700,83;0,0000053
5701,36;0,0000053
5701,88;0,0000053
5702,44;0,0000053
5702,97;0,0000053
5703,53;0,0000053
5704,05;0,0000053
5704,61;0,0000053
5705,13;0,0000053
5705,69;0,0000053
5706,27;0,0000053
5706,80;0,0000053
5707,34;0,0000053
5707,88;0,0000053
5708,42;0,0000053
5708,98;0,0000053
5709,52;0,0000053
5710,06;0,0000053
5710,59;0,0000053
5711,13;0,0000053
5711,67;0,0000053
5712,20;0,0000053
5712,77;0,0000053
5713,31;0,0000053
5713,84;0,0000053
5714,39;0,0000053
5714,92;0,0000053
5715,44;0,0000053
5716;0,0000053
5716,53;0,0000053
5717,08;0,0000053
5717,59;0,0000053
5718,14;0,0000053
5718,67;0,0000053
5719,23;0,0000052
5719,77;0,0000052
5720,33;0,0000052
5720,89;0,0000052
5721,41;0,0000052
5721,97;0,0000052
5722,48;0,0000052
5723,06;0,0000052
5723,64;0,0000052
5724,16;0,0000052
5724,72;0,0000052
5725,27;0,0000052
5725,80;0,0000052
5726,31;0,0000052
5726,88;0,0000052
5727,41;0,0000052
5727,95;0,0000052
5728,48;0,0000052
5729,03;0,0000052
5729,61;0,0000052
5730,16;0,0000052
5730,73;0,0000052
5731,28;0,0000052
5731,81;0,0000052
5732,33;0,0000052
5732,89;0,0000052
5733,42;0,0000052
5733,97;0,0000052
5734,56;0,0000052
5735,14;0,0000051
5735,66;0,0000052
5736,22;0,0000052
5736,73;0,0000052
5737,28;0,0000052
5737,83;0,0000052
5738,38;0,0000052
5738,91;0,0000051
5739,45;0,0000051
5740,03;0,0000051
5740,55;0,0000051
5741,11;0,0000051
5741,66;0,0000051
5742,20;0,0000051
5742,77;0,0000051
5743,30;0,0000051
5743,83;0,0000051
5744,38;0,0000051
5744,91;0,0000051
5745,45;0,0000051
5745,98;0,0000051
5746,52;0,0000051
5747,06;0,0000051
5747,59;0,0000051
5748,13;0,0000051
5748,70;0,0000051
5749,22;0,0000051
5749,75;0,0000051
5750,30;0,0000051
5750,84;0,0000051
5751,39;0,0000051
5751,92;0,0000051
5752,50;0,0000051
5753,03;0,0000051
5753,59;0,0000051
5754,14;0,0000051
5754,67;0,0000051
5755,22;0,0000051
5755,75;0,0000051
5756,27;0,0000051
5756,83;0,0000051
5757,36;0,0000051
5757,91;0,0000051
5758,42;0,0000051
5759;0,000005
5759,58;0,000005
5760,09;0,000005
5760,66;0,000005
5761,19;0,000005
5761,73;0,000005
5762,27;0,000005
5762,81;0,000005
5763,39;0,000005
5763,92;0,000005
5764,48;0,000005
5765,02;0,000005
5765,59;0,000005
5766,11;0,000005
5766,64;0,000005
5767,20;0,000005
5767,73;0,000005
5768,28;0,000005
5768,81;0,000005
5769,34;0,000005
5769,89;0,000005
5770,41;0,000005
5770,97;0,000005
5771,55;0,000005
5772,06;0,000005
5772,61;0,000005
5773,14;0,000005
5773,66;0,000005
5774,22;0,000005
5774,80;0,000005
5775,36;0,000005
5775,89;0,000005
5776,45;0,000005
5776,98;0,000005
5777,53;0,000005
5778,08;0,000005
5778,61;0,000005
5779,13;0,000005
5779,69;0,000005
5780,20;0,000005
5780,77;0,000005
5781,28;0,0000049
5781,84;0,000005
5782,36;0,0000049
5782,91;0,0000049
5783,45;0,0000049
5784;0,0000049
5784,53;0,0000049
5785,09;0,0000049
5785,66;0,0000049
5786,17;0,0000049
5786,70;0,0000049
5787,23;0,0000049
5787,78;0,0000049
5788,31;0,0000049
5788,83;0,0000049
5789,39;0,0000049
5789,92;0,0000049
5790,45;0,0000049
5791;0,0000049
5791,53;0,0000049
5792,08;0,0000049
5792,61;0,0000049
5793,13;0,0000049
5793,69;0,0000049
5794,22;0,0000049
5794,78;0,0000049
5795,30;0,0000049
5795,86;0,0000049
5796,38;0,0000049
5796,94;0,0000049
5797,52;0,0000049
5798,05;0,0000049
5798,59;0,0000049
5799,13;0,0000049
5799,67;0,0000049
5800,23;0,0000049
5800,77;0,0000049
5801,30;0,0000049
5801,84;0,0000049
5802,38;0,0000049
5802,92;0,0000049
5803,47;0,0000049
5804,02;0,0000049
5804,56;0,0000049
5805,09;0,0000049
5805,64;0,0000049
5806,17;0,0000049
5806,69;0,0000048
5807,25;0,0000049
5807,81;0,0000048
5808,36;0,0000048
5808,92;0,0000048
5809,50;0,0000048
5810,03;0,0000048
5810,58;0,0000048
5811,11;0,0000048
5811,67;0,0000048
5812,25;0,0000048
5812,77;0,0000048
5813,33;0,0000048
5813,86;0,0000048
5814,41;0,0000048
5814,94;0,0000048
5815,48;0,0000048
5816,03;0,0000048
5816,58;0,0000048
5817,13;0,0000048
5817,66;0,0000048
5818,19;0,0000048
5818,77;0,0000048
5819,28;0,0000048
5819,81;0,0000048
5820,34;0,0000048
5820,91;0,0000048
5821,45;0,0000048
5821,98;0,0000048
5822,52;0,0000048
5823,06;0,0000048
5823,58;0,0000048
5824,14;0,0000048
5824,70;0,0000048
5825,25;0,0000048
5825,81;0,0000048
5826,39;0,0000048
5826,92;0,0000048
5827,47;0,0000048
5827,98;0,0000048
5828,53;0,0000048
5829,08;0,0000048
5829,63;0,0000048
5830,16;0,0000048
5830,70;0,0000048
5831,25;0,0000048
5831,78;0,0000048
5832,30;0,0000048
5832,86;0,0000048
5833,44;0,0000048
5833,95;0,0000048
5834,52;0,0000048
5835,05;0,0000047
5835,59;0,0000048
5836,16;0,0000047
5836,70;0,0000047
5837,23;0,0000047
5837,80;0,0000047
5838,33;0,0000047
5838,88;0,0000047
5839,41;0,0000047
5839,95;0,0000047
5840,47;0,0000047
5841;0,0000047
5841,56;0,0000047
5842,09;0,0000047
5842,63;0,0000047
5843,17;0,0000047
5843,70;0,0000047
5844,25;0,0000047
5844,77;0,0000047
5845,31;0,0000047
5845,86;0,0000047
5846,39;0,0000047
5846,92;0,0000047
5847,50;0,0000047
5848,02;0,0000047
5848,55;0,0000047
5849,09;0,0000047
5849,64;0,0000047
5850,17;0,0000047
5850,72;0,0000047
5851,25;0,0000047
5851,81;0,0000047
5852,41;0,0000047
5852,97;0,0000047
5853,48;0,0000047
5854,05;0,0000047
5854,59;0,0000047
5855,13;0,0000047
5855,64;0,0000047
5856,16;0,0000047
5856,70;0,0000047
5857,23;0,0000047
5857,80;0,0000047
5858,38;0,0000047
5858,89;0,0000047
5859,45;0,0000047
5860,03;0,0000047
5860,53;0,0000047
5861,06;0,0000047
5861,59;0,0000047
5862,14;0,0000047
5862,67;0,0000047
5863,19;0,0000046
5863,75;0,0000047
5864,28;0,0000047
5864,84;0,0000047
5865,36;0,0000047
5865,92;0,0000046
5866,44;0,0000047
5866,98;0,0000046
5867,50;0,0000046
5868,06;0,0000046
5868,58;0,0000046
5869,14;0,0000046
5869,69;0,0000046
5870,22;0,0000046
5870,73;0,0000046
5871,30;0,0000046
5871,83;0,0000046
5872,38;0,0000046
5872,91;0,0000046
5873,45;0,0000046
5874;0,0000046
5874,53;0,0000046
5876;0,0000046
5876,02;0,0000046
5876,19;0,0000046
5876,70;0,0000046
5877,28;0,0000046
5877,81;0,0000046
5878,36;0,0000046
5878,91;0,0000046
5879,45;0,0000046
5879,98;0,0000046
5880,55;0,0000046
5881,14;0,0000046
5881,70;0,0000046
5882,25;0,0000046
5882,80;0,0000046
5883,38;0,0000046
5883,92;0,0000046
5884,50;0,0000046
5885,08;0,0000046
5885,59;0,0000046
5886,16;0,0000046
5886,75;0,0000046
5887,27;0,0000046
5887,83;0,0000046
5888,34;0,0000046
5888,91;0,0000046
5889,44;0,0000046
5889,98;0,0000046
5890,50;0,0000046
5891,05;0,0000046
5891,59;0,0000046
5892,14;0,0000046
5892,67;0,0000046
5893,23;0,0000046
5893,80;0,0000046
5894,31;0,0000046
5894,88;0,0000046
5895,42;0,0000045
5896,02;0,0000046
5896,59;0,0000046
5897,13;0,0000046
5897,67;0,0000046
5898,19;0,0000045
5898,75;0,0000045
5899,31;0,0000045
5899,84;0,0000046
5900,39;0,0000045
5900,92;0,0000045
5901,47;0,0000045
5902;0,0000045
5903,23;0,0000045
5903,25;0,0000045
5903,67;0,0000045
5904,22;0,0000045
5904,73;0,0000045
5905,30;0,0000045
5905,86;0,0000045
5906,41;0,0000045
5906,94;0,0000045
5908,20;0,0000045
5908,20;0,0000045
5908,56;0,0000045
5909,13;0,0000045
5909,66;0,0000045
5910,19;0,0000045
5910,73;0,0000045
5911,31;0,0000045
5911,84;0,0000045
5912,41;0,0000045
5912,97;0,0000045
5913,48;0,0000045
5914,05;0,0000045
5914,56;0,0000045
5915,08;0,0000045
5915,61;0,0000045
5916,17;0,0000045
5916,70;0,0000045
5917,23;0,0000045
5917,78;0,0000045
5918,31;0,0000045
5918,86;0,0000045
5919,89;0,0000045
5919,94;0,0000045
5920,52;0,0000045
5921,03;0,0000045
5921,58;0,0000045
5922,11;0,0000045
5922,63;0,0000045
5923,19;0,0000045
5923,72;0,0000045
5924,27;0,0000045
5924,78;0,0000045
5925,33;0,0000045
5925,91;0,0000045
5926,42;0,0000045
5926,98;0,0000045
5927,56;0,0000045
5928,09;0,0000045
5928,64;0,0000045
5929,16;0,0000045
5929,73;0,0000045
5930,27;0,0000045
5930,84;0,0000045
5931,38;0,0000045
5931,92;0,0000045
5932,47;0,0000045
5933;0,0000045
5933,59;0,0000045
5934,17;0,0000045
5934,70;0,0000045
5935,25;0,0000044
5935,78;0,0000045
5936,33;0,0000045
5936,91;0,0000045
5937,42;0,0000045
5937,98;0,0000045
5938,52;0,0000044
5939,06;0,0000044
5939,61;0,0000044
5940,17;0,0000044
5940,69;0,0000044
5941,25;0,0000044
5941,80;0,0000044
5942,34;0,0000044
5942,94;0,0000044
5943,52;0,0000044
5944,09;0,0000044
5944,66;0,0000044
5945,22;0,0000044
5945,73;0,0000044
5946,30;0,0000044
5946,84;0,0000044
5947,38;0,0000044
5947,89;0,0000044
5948,44;0,0000044
5948,97;0,0000044
5949,52;0,0000044
5950,05;0,0000044
5950,59;0,0000044
5951,11;0,0000044
5951,67;0,0000044
5952,20;0,0000044
5952,75;0,0000044
5953,27;0,0000044
5953,81;0,0000044
5954,34;0,0000044
5954,89;0,0000044
5955,41;0,0000044
5955,95;0,0000044
5956,50;0,0000044
5957,06;0,0000044
5957,58;0,0000044
5958,14;0,0000044
5958,66;0,0000044
5959,22;0,0000044
5959,75;0,0000044
5960,30;0,0000044
5960,81;0,0000044
5961,36;0,0000044
5961,91;0,0000044
5962,44;0,0000044
5962,95;0,0000044
5963,50;0,0000044
5964,05;0,0000044
5964,61;0,0000044
5965,13;0,0000044
5965,70;0,0000044
5966,30;0,0000044
5966,88;0,0000044
5967,44;0,0000044
5967,98;0,0000044
5968,53;0,0000044
5969,09;0,0000044
5969,64;0,0000044
5970,16;0,0000044
5970,70;0,0000044
5971,23;0,0000044
5971,80;0,0000044
5972,33;0,0000044
5972,89;0,0000044
5973,47;0,0000043
5974,05;0,0000044
5974,58;0,0000043
5975,13;0,0000044
5975,70;0,0000044
5976,22;0,0000044
5976,75;0,0000043
5977,28;0,0000044
5977,83;0,0000044
5978,36;0,0000043
5978,89;0,0000043
5979,44;0,0000043
5979,97;0,0000043
5980,52;0,0000043
5981,05;0,0000043
5981,59;0,0000043
5982,17;0,0000043
5982,72;0,0000043
5983,30;0,0000043
5983,84;0,0000043
5984,38;0,0000043
5984,89;0,0000043
5985,45;0,0000043
5986,05;0,0000043
5986,56;0,0000043
5987,13;0,0000043
5987,64;0,0000043
5988,20;0,0000043
5988,72;0,0000043
5989,28;0,0000043
5989,84;0,0000043
5990,36;0,0000043
5990,92;0,0000043
5991,44;0,0000043
5992;0,0000043
5992,53;0,0000043
5993,09;0,0000043
5993,61;0,0000043
5994,17;0,0000043
5994,75;0,0000043
5995,27;0,0000043
5995,83;0,0000043
5996,36;0,0000043
5996,91;0,0000043
5997,44;0,0000043
5997,98;0,0000043
5998,52;0,0000043
5999,06;0,0000043
5999,58;0,0000043
6000,13;0,0000043
6000,64;0,0000043
6001,16;0,0000043
6001,69;0,0000043
6002,20;0,0000043
6002,77;0,0000043
6003,28;0,0000043
6003,84;0,0000043
6004,38;0,0000043
6004,92;0,0000043
6005,45;0,0000043
6006;0,0000043
6006,58;0,0000043
6007,11;0,0000043
6007,67;0,0000043
6008,20;0,0000043
6008,78;0,0000043
6009,36;0,0000043
6009,89;0,0000043
6010,42;0,0000043
6010,97;0,0000043
6011,50;0,0000043
6012,03;0,0000043
6012,58;0,0000042
6013,16;0,0000043
6013,73;0,0000043
6014,28;0,0000043
6014,83;0,0000043
6015,38;0,0000043
6015,94;0,0000043
6016,52;0,0000045
6017,05;0,0000047
6017,61;0,000005
6018,19;0,0000052
6018,77;0,0000055
6019,30;0,0000057
6019,84;0,0000059
6020,38;0,0000061
6020,92;0,0000063
6021,45;0,0000064
6022;0,0000065
6022,52;0,0000066
6023,08;0,0000067
6023,59;0,0000068
6024,16;0,0000068
6024,67;0,0000069
6025,23;0,0000069
6025,75;0,0000069
6026,31;0,000007
6026,84;0,000007
6027,39;0,000007
6027,92;0,000007
6028,47;0,000007
6029;0,000007
6029,55;0,000007
6030,08;0,000007
6030,64;0,000007
6031,17;0,0000071
6031,72;0,000007
6032,25;0,0000071
6032,80;0,0000071
6033,36;0,0000071
6033,91;0,0000071
6034,47;0,0000071
6035,05;0,000007
6035,56;0,0000071
6036,13;0,0000071
6036,70;0,0000071
6037,23;0,0000071
6037,78;0,0000071
6038,30;0,0000071
6038,81;0,0000071
6039,34;0,0000071
6039,89;0,0000071
6040,44;0,0000071
6041,02;0,0000071
6041,56;0,000007
6042,14;0,0000071
6042,73;0,0000071
6043,31;0,0000071
6043,84;0,000007
6044,39;0,000007
6044,97;0,0000071
6045,53;0,0000071
6046,06;0,000007
6046,61;0,000007
6047,14;0,0000071
6047,66;0,0000071
6048,20;0,0000071
6048,75;0,0000072
6049,28;0,0000074
6049,81;0,0000076
6050,36;0,0000078
6050,89;0,000008
6051,45;0,0000083
6052,05;0,0000084
6052,61;0,0000085
6053,16;0,0000087
6053,70;0,0000087
6054,23;0,0000088
6054,78;0,0000089
6055,36;0,0000089
6055,91;0,000009
6056,48;0,000009
6057,05;0,000009
6057,59;0,000009
6058,14;0,000009
6058,66;0,000009
6059,23;0,000009
6059,81;0,000009
6060,34;0,000009
6060,89;0,0000091
6061,41;0,0000091
6061,97;0,0000091
6062,50;0,0000091
6063,05;0,0000091
6063,58;0,0000091
6064,13;0,0000091
6064,70;0,0000091
6065,25;0,0000091
6065,83;0,0000091
6066,39;0,0000091
6066,92;0,0000091
6067,50;0,0000091
6068,08;0,000009
6068,66;0,0000091
6069,22;0,0000091
6069,78;0,0000091
6070,34;0,0000091
6070,88;0,0000091
6071,44;0,0000091
6071,97;0,000009
6072,50;0,000009
6073,05;0,000009
6073,58;0,0000091
6074,13;0,000009
6074,67;0,000009
6075,22;0,000009
6075,77;0,000009
6076,34;0,0000091
6076,88;0,000009
6077,42;0,000009
6078;0,000009
6078,55;0,000009
6079,09;0,000009
6079,63;0,000009
6080,19;0,000009
6080,72;0,000009
6081,28;0,000009
6081,84;0,000009
6082,39;0,000009
6082,92;0,000009
6083,47;0,000009
6084,02;0,000009
6084,56;0,000009
6085,09;0,000009
6085,67;0,000009
6086,22;0,000009
6086,77;0,000009
6087,34;0,000009
6087,89;0,000009
6088,47;0,000009
6088,98;0,000009
6089,55;0,000009
6090,11;0,000009
6090,64;0,000009
6091,19;0,000009
6091,73;0,000009
6092,27;0,000009
6092,78;0,000009
6093,36;0,000009
6093,91;0,000009
6094,44;0,000009
6094,98;0,000009
6095,52;0,000009
6096,06;0,000009
6096,61;0,000009
6097,17;0,000009
6097,70;0,000009
6098,25;0,000009
6098,78;0,000009
6099,33;0,000009
6099,86;0,000009
6100,41;0,000009
6100,95;0,000009
6101,48;0,000009
6102,03;0,000009
6102,56;0,000009
6103,11;0,000009
6103,67;0,000009
6104,22;0,000009
6104,75;0,0000092
6105,30;0,0000094
6105,83;0,0000096
6106,38;0,0000099
6106,91;0,00001
6107,45;0,00001
6108;0,00001
6108,58;0,000011
6109,16;0,000011
6109,70;0,000011
6110,27;0,000011
6110,81;0,000011
6111,34;0,000011
6111,91;0,000011
6112,48;0,000011
6113,02;0,000011
6113,56;0,000011
6114,09;0,000011
6114,66;0,000011
6115,22;0,000011
6115,75;0,000011
6116,30;0,000011
6116,84;0,000011
6117,38;0,000011
6117,95;0,000011
6118,47;0,000011
6119;0,000011
6119,53;0,000011
6120,08;0,000011
6120,66;0,000011
6121,17;0,000011
6121,72;0,000011
6122,25;0,000011
6122,80;0,000011
6123,34;0,000011
6123,92;0,000011
6124,50;0,000011
6125,02;0,000011
6125,56;0,000011
6126,09;0,000011
6126,66;0,000011
6127,19;0,000011
6127,72;0,000011
6128,27;0,000011
6128,80;0,000011
6129,34;0,000011
6129,91;0,000011
6130,47;0,000011
6131,02;0,000011
6131,55;0,000011
6132,09;0,000011
6132,63;0,000011
6133,17;0,000011
6133,72;0,000011
6134,30;0,000011
6134,84;0,000011
6135,39;0,000011
6135,94;0,000011
6136,50;0,000011
6137,06;0,000011
6137,64;0,000011
6138,22;0,000011
6138,78;0,000011
6139,34;0,000011
6139,91;0,000011
6140,44;0,000011
6140,98;0,000011
6141,53;0,000011
6142,08;0,000011
6142,64;0,000011
6143,19;0,000011
6143,73;0,000011
6144,31;0,000011
6144,83;0,000011
6145,39;0,000011
6145,91;0,000011
6146,47;0,000011
6147,02;0,000011
6147,58;0,000011
6148,16;0,000011
6148,73;0,000011
6149,30;0,000011
6149,84;0,000011
6150,39;0,000011
6150,91;0,000012
6151,45;0,000012
6151,98;0,000012
6152,53;0,000012
6153,06;0,000012
6153,61;0,000012
6154,14;0,000012
6154,69;0,000013
6155,20;0,000013
6155,75;0,000013
6156,25;0,000013
6156,78;0,000013
6157,33;0,000013
6157,89;0,000013
6158,42;0,000013
6159;0,000013
6159,58;0,000013
6160,11;0,000013
6160,64;0,000013
6161,19;0,000013
6161,72;0,000013
6162,25;0,000013
6162,83;0,000013
6163,41;0,000013
6163,98;0,000013
6164,52;0,000013
6165,08;0,000013
6165,66;0,000013
6166,19;0,000013
6166,73;0,000013
6167,27;0,000013
6167,80;0,000013
6168,38;0,000013
6168,94;0,000013
6169,48;0,000013
6170,06;0,000013
6170,63;0,000013
6171,17;0,000013
6171,72;0,000013
6172,23;0,000013
6172,81;0,000013
6173,36;0,000013
6173,89;0,000013
6174,44;0,000013
6174,97;0,000013
6175,52;0,000013
6176,08;0,000013
6176,61;0,000013
6177,17;0,000013
6177,69;0,000013
6178,22;0,000013
6178,77;0,000013
6179,31;0,000013
6179,89;0,000013
6180,47;0,000013
6180,98;0,000013
6181,55;0,000013
6182,08;0,000013
6182,63;0,000013
6183,16;0,000013
6183,69;0,000013
6184,22;0,000013
6184,77;0,000013
6185,33;0,000013
6185,88;0,000013
6186,42;0,000013
6186,94;0,000013
6187,50;0,000013
6188,02;0,000013
6188,53;0,000013
6189,08;0,000013
6189,61;0,000013
6190,16;0,000013
6190,73;0,000013
6191,28;0,000013
6191,86;0,000013
6192,42;0,000013
6192,95;0,000013
6193,48;0,000014
6194,03;0,000014
6194,56;0,000014
6195,08;0,000014
6195,63;0,000014
6196,16;0,000014
6196,72;0,000014
6197,25;0,000014
6197,78;0,000014
6198,33;0,000014
6198,86;0,000014
6199,41;0,000014
6199,95;0,000014
6200,50;0,000014
6201,03;0,000014
6201,58;0,000014
6202,13;0,000014
6202,66;0,000014
6203,20;0,000014
6203,75;0,000014
6204,33;0,000014
6204,88;0,000014
6205,45;0,000014
6205,98;0,000014
6206,52;0,000014
6207,09;0,000014
6207,67;0,000014
6208,20;0,000014
6208,75;0,000014
6209,31;0,000014
6209,84;0,000014
6210,38;0,000014
6210,92;0,000014
6211,50;0,000014
6212,06;0,000014
6212,61;0,000014
6213,13;0,000014
6213,67;0,000014
6214,22;0,000014
6214,75;0,000014
6215,30;0,000014
6215,84;0,000014
6216,39;0,000014
6216,95;0,000014
6217,47;0,000014
6218,03;0,000014
6218,56;0,000014
6219,11;0,000014
6219,69;0,000014
6220,22;0,000014
6220,78;0,000014
6221,30;0,000014
6221,81;0,000014
6222,38;0,000014
6222,94;0,000014
6223,47;0,000014
6224,03;0,000014
6224,59;0,000014
6225,14;0,000014
6225,70;0,000014
6226,23;0,000014
6226,78;0,000014
6227,31;0,000014
6227,86;0,000014
6228,42;0,000014
6228,95;0,000014
6229,50;0,000014
6230,03;0,000014
6230,59;0,000014
6231,16;0,000014
6231,69;0,000014
6232,28;0,000014
6232,86;0,000014
6233,44;0,000014
6234,02;0,000014
6234,58;0,000014
6235,14;0,000014
6235,70;0,000014
6236,23;0,000014
6236,80;0,000014
6237,33;0,000014
6237,86;0,000014
6238,41;0,000014
6238,94;0,000014
6239,48;0,000014
6240,05;0,000014
6240,61;0,000014
6241,16;0,000014
6241,69;0,000014
6242,20;0,000014
6242,77;0,000014
6243,31;0,000014
6243,88;0,000014
6244,44;0,000014
6244,95;0,000014
6245,50;0,000014
6246;0,000014
6246,56;0,000014
6247,09;0,000014
6247,64;0,000014
6248,17;0,000014
6248,72;0,000014
6249,25;0,000014
6249,80;0,000014
6250,30;0,000014
6250,84;0,000014
6251,39;0,000014
6251,94;0,000014
6252,47;0,000014
6253,03;0,000014
6253,55;0,000014
6254,08;0,000014
6254,63;0,000014
6255,17;0,000014
6255,75;0,000014
6256,33;0,000014
6256,84;0,000014
6257,38;0,000014
6257,91;0,000014
6258,45;0,000014
6259,03;0,000014
6259,55;0,000014
6260,11;0,000014
6260,64;0,000014
6261,20;0,000014
6261,73;0,000014
6262,27;0,000014
6262,81;0,000014
6263,34;0,000014
6263,88;0,000014
6264,42;0,000014
6264,97;0,000014
6265,53;0,000014
6266,09;0,000014
6266,64;0,000014
6267,17;0,000014
6267,72;0,000014
6268,27;0,000014
6268,81;0,000014
6269,34;0,000014
6269,92;0,000014
6270,44;0,000014
6271;0,000014
6271,55;0,000014
6272,11;0,000014
6272,67;0,000014
6273,19;0,000014
6273,73;0,000014
6274,27;0,000014
6274,81;0,000014
6275,36;0,000014
6275,94;0,000014
6276,52;0,000014
6277,03;0,000014
6277,61;0,000014
6278,16;0,000015
6278,69;0,000015
6279,23;0,000015
6279,77;0,000015
6280,34;0,000016
6280,88;0,000016
6281,42;0,000016
6281,95;0,000016
6282,48;0,000016
6283,03;0,000016
6283,58;0,000016
6284,11;0,000016
6284,66;0,000016
6285,23;0,000016
6285,78;0,000016
6286,36;0,000016
6286,92;0,000016
6287,47;0,000016
6288;0,000016
6288,53;0,000016
6289,11;0,000016
6289,69;0,000016
6290,27;0,000016
6290,80;0,000016
6291,34;0,000016
6291,86;0,000016
6292,42;0,000016
6292,95;0,000016
6293,50;0,000016
6294,03;0,000017
6294,55;0,000017
6295,08;0,000017
6295,63;0,000017
6296,16;0,000018
6296,67;0,000018
6297,23;0,000018
6297,77;0,000018
6298,31;0,000018
6298,83;0,000018
6299,39;0,000018
6299,92;0,000018
6300,45;0,000018
6301;0,000018
6301,55;0,000018
6302,13;0,000018
6302,67;0,000018
6303,25;0,000018
6303,81;0,000018
6304,36;0,000018
6304,92;0,000018
6305,50;0,000018
6306,08;0,000019
6306,64;0,000019
6307,19;0,000019
6307,72;0,000019
6308,27;0,000019
6308,83;0,000019
6309,36;0,000019
6309,92;0,00002
6310,50;0,00002
6311,02;0,00002
6311,58;0,00002
6312,16;0,00002
6312,69;0,00002
6313,23;0,00002
6313,77;0,00002
6314,31;0,00002
6314,81;0,00002
6315,34;0,00002
6315,89;0,00002
6316,47;0,00002
6317,02;0,00002
6317,56;0,00002
6318,09;0,00002
6318,67;0,00002
6319,23;0,000021
6319,78;0,000021
6320,31;0,000021
6320,84;0,000021
6321,42;0,000021
6321,98;0,000021
6322,52;0,000021
6323,06;0,000021
6323,61;0,000021
6324,14;0,000021
6324,69;0,000021
6325,23;0,000021
6325,80;0,000021
6326,31;0,000021
6326,88;0,000021
6327,39;0,000021
6327,95;0,000021
6328,48;0,000021
6329,06;0,000022
6329,66;0,000022
6330,23;0,000022
6330,81;0,000022
6331,38;0,000023
6331,94;0,000023
6332,52;0,000023
6333,05;0,000023
6333,59;0,000023
6334,13;0,000023
6334,66;0,000023
6335,20;0,000023
6335,73;0,000023
6336,28;0,000023
6336,84;0,000023
6337,41;0,000023
6337,95;0,000023
6338,50;0,000023
6339,08;0,000024
6339,63;0,000024
6340,17;0,000024
6340,70;0,000024
6341,28;0,000024
6341,86;0,000024
6342,39;0,000024
6342,94;0,000024
6343,47;0,000024
6344,03;0,000024
6344,61;0,000025
6345,14;0,000025
6345,69;0,000025
6346,22;0,000025
6346,75;0,000025
6347,30;0,000025
6347,83;0,000025
6348,38;0,000025
6348,92;0,000025
6349,50;0,000025
6350,05;0,000025
6350,63;0,000025
6351,16;0,000025
6351,70;0,000025
6352,27;0,000025
6352,80;0,000025
6353,38;0,000025
6353,95;0,000025
6354,48;0,000025
6355,03;0,000025
6355,58;0,000025
6356,09;0,000025
6356,66;0,000025
6357,19;0,000025
6357,73;0,000025
6358,28;0,000025
6358,81;0,000025
6359,34;0,000025
6359,89;0,000025
6360,42;0,000025
6361;0,000025
6361,53;0,000025
6362,08;0,000025
6362,63;0,000025
6363,14;0,000025
6363,69;0,000025
6364,27;0,000025
6364,84;0,000025
6365,39;0,000025
6365,94;0,000025
6366,47;0,000025
6367,02;0,000025
6367,56;0,000025
6368,13;0,000025
6368,69;0,000025
6369,23;0,000025
6369,77;0,000025
6370,31;0,000026
6370,86;0,000025
6371,41;0,000024
6371,95;0,000024
6372,52;0,000024
6373,06;0,000024
6373,61;0,000024
6374,19;0,000024
6374,73;0,000024
6375,31;0,000023
6375,83;0,000024
6376,39;0,000023
6376,95;0,000023
6377,48;0,000023
6378,03;0,000023
6378,56;0,000023
6379,11;0,000022
6379,64;0,000022
6380,20;0,000022
6380,75;0,000022
6381,28;0,000022
6381,83;0,000022
6382,36;0,000022
6382,91;0,000022
6383,45;0,000021
6384,02;0,000021
6384,55;0,000021
6385,08;0,000021
6385,61;0,000021
6386,16;0,000021
6386,73;0,000021
6387,30;0,000021
6387,84;0,00002
6388,38;0,00002
6388,91;0,00002
6389,45;0,00002
6390;0,00002
6390,58;0,00002
6391,16;0,00002
6391,67;0,00002
6392,23;0,00002
6392,81;0,00002
6393,34;0,00002
6393,89;0,000019
6394,42;0,000019
6394,97;0,000019
6395,50;0,000019
6396,05;0,000019
6396,56;0,000019
6397,11;0,000019
6397,64;0,000019
6398,17;0,000019
6398,72;0,000018
6399,25;0,000018
6399,83;0,000018
6400,36;0,000018
6400,89;0,000018
6401,42;0,000018
6401,97;0,000018
6402,55;0,000018
6403,13;0,000018
6403,69;0,000018
6404,23;0,000017
6404,77;0,000017
6405,31;0,000017
6405,84;0,000017
6406,41;0,000017
6406,98;0,000017
6407,52;0,000017
6408,06;0,000017
6408,59;0,000017
6409,14;0,000017
6409,72;0,000017
6410,27;0,000016
6410,81;0,000016
6411,34;0,000016
6411,89;0,000016
6412,47;0,000016
6413,03;0,000016
6413,59;0,000016
6414,16;0,000016
6414,69;0,000016
6415,25;0,000016
6415,78;0,000016
6416,31;0,000016
6416,86;0,000015
6417,39;0,000015
6417,94;0,000015
6418,48;0,000015
6419;0,000015
6419,58;0,000015
6420,16;0,000015
6420,73;0,000015
6421,27;0,000015
6421,83;0,000015
6422,36;0,000015
6422,94;0,000015
6423,52;0,000015
6424,05;0,000014
6424,59;0,000014
6425,13;0,000014
6425,66;0,000014
6426,23;0,000014
6426,75;0,000014
6427,31;0,000014
6427,89;0,000014
6428,42;0,000014
6428,97;0,000014
6429,48;0,000014
6430,05;0,000014
6430,59;0,000014
6431,17;0,000014
6431,70;0,000014
6432,25;0,000013
6432,84;0,000013
6433,41;0,000013
6433,92;0,000013
6434,50;0,000013
6435,03;0,000013
6435,58;0,000013
6436,09;0,000013
6436,64;0,000013
6437,22;0,000013
6437,75;0,000013
6438,31;0,000013
6438,84;0,000013
6439,39;0,000013
6439,94;0,000013
6440,48;0,000012
6441;0,000012
6441,55;0,000012
6442,09;0,000012
6442,64;0,000012
6443,23;0,000012
6443,80;0,000012
6444,34;0,000012
6444,89;0,000012
6445,42;0,000012
6445,97;0,000012
6446,55;0,000012
6447,06;0,000012
6447,63;0,000012
6448,17;0,000012
6448,72;0,000012
6449,30;0,000012
6449,81;0,000012
6450,39;0,000011
6450,97;0,000011
6451,50;0,000011
6452,05;0,000011
6452,63;0,000011
6453,14;0,000011
6453,69;0,000011
6454,22;0,000011
6454,77;0,000011
6455,33;0,000011
6455,86;0,000011
6456,39;0,000011
6456,91;0,000011
6457,44;0,000011
6458,02;0,000011
6458,55;0,000011
6459,06;0,000011
6459,66;0,000011
6460,23;0,000011
6460,81;0,00001
6461,38;0,00001
6461,94;0,00001
6462,48;0,00001
6463,03;0,00001
6463,61;0,00001
6464,16;0,00001
6464,69;0,00001
6465,20;0,00001
6465,77;0,00001
6466,34;0,00001
6466,86;0,0000099
6467,42;0,0000099
6467,95;0,0000099
6468,50;0,0000098
6469,03;0,0000098
6469,58;0,0000097
6470,16;0,0000097
6470,70;0,0000096
6471,25;0,0000096
6471,78;0,0000096
6472,36;0,0000095
6472,88;0,0000095
6473,41;0,0000094
6473,97;0,0000094
6474,50;0,0000094
6475,03;0,0000093
6475,58;0,0000093
6476,11;0,0000092
6476,69;0,0000092
6477,27;0,0000091
6477,83;0,0000091
6478,36;0,0000091
6478,92;0,000009
6479,45;0,000009
6480,02;0,0000089
6480,56;0,0000089
6481,08;0,0000089
6481,59;0,0000088
6482,13;0,0000088
6482,66;0,0000088
6483,20;0,0000087
6483,72;0,0000087
6484,28;0,0000087
6484,86;0,0000086
6485,38;0,0000086
6485,94;0,0000085
6486,45;0,0000085
6486,97;0,0000085
6487,50;0,0000084
6488,03;0,0000084
6488,58;0,0000084
6489,17;0,0000083
6489,72;0,0000083
6490,30;0,0000083
6490,89;0,0000082
6491,47;0,0000082
6492;0,0000081
6492,55;0,0000081
6493,08;0,0000081
6493,63;0,000008
6494,20;0,000008
6494,72;0,000008
6495,28;0,0000079
6495,81;0,0000079
6496,36;0,0000079
6496,91;0,0000078
6497,44;0,0000078
6497,97;0,0000078
6498,52;0,0000078
6499,05;0,0000077
6499,61;0,0000077
6500,19;0,0000077
6500,77;0,0000076
6501,34;0,0000076
6501,86;0,0000076
6502,41;0,0000075
6502,95;0,0000075
6503,52;0,0000075
6504,03;0,0000074
6504,59;0,0000074
6505,14;0,0000074
6505,66;0,0000074
6506,19;0,0000073
6506,73;0,0000073
6507,27;0,0000072
6507,81;0,0000072
6508,36;0,0000072
6508,89;0,0000072
6509,41;0,0000071
6509,97;0,0000071
6510,50;0,0000071
6511,05;0,0000071
6511,56;0,000007
6512,11;0,000007
6512,64;0,000007
6513,20;0,0000069
6513,77;0,0000069
6514,36;0,0000069
6514,88;0,0000069
6515,44;0,0000068
6516;0,0000068
6516,55;0,0000068
6517,13;0,0000067
6517,70;0,0000067
6518,28;0,0000067
6518,86;0,0000067
6519,38;0,0000066
6519,94;0,0000066
6520,45;0,0000066
6521,03;0,0000066
6521,56;0,0000065
6522,11;0,0000065
6522,66;0,0000065
6523,20;0,0000065
6523,73;0,0000064
6524,30;0,0000064
6524,89;0,0000064
6525,45;0,0000064
6526;0,0000063
6526,53;0,0000063
6527,08;0,0000063
6527,61;0,0000063
6528,14;0,0000063
6528,69;0,0000062
6529,22;0,0000062
6529,78;0,0000062
6530,36;0,0000062
6530,88;0,0000061
6531,44;0,0000061
6531,97;0,0000061
6532,52;0,0000061
6533,05;0,000006
6533,59;0,000006
6534,13;0,000006
6534,67;0,000006
6535,23;0,0000059
6535,77;0,0000059
6536,30;0,0000059
6536,88;0,0000059
6537,39;0,0000059
6537,92;0,0000058
6538,45;0,0000058
6539,02;0,0000058
6539,55;0,0000058
6540,09;0,0000058
6540,64;0,0000058
6541,17;0,0000057
6541,69;0,0000057
6542,25;0,0000057
6542,81;0,0000057
6543,34;0,0000056
6543,86;0,0000056
6544,39;0,0000056
6544,92;0,0000056
6545,47;0,0000056
6545,98;0,0000055
6546,53;0,0000055
6547,08;0,0000055
6547,64;0,0000055
6548,16;0,0000055
6548,72;0,0000055
6549,23;0,0000054
6549,81;0,0000054
6550,36;0,0000054
6550,89;0,0000054
6551,44;0,0000054
6551,97;0,0000053
6552,52;0,0000053
6553,03;0,0000053
6553,59;0,0000053
6554,16;0,0000053
6554,69;0,0000053
6555,23;0,0000052
6555,77;0,0000052
6556,31;0,0000052
6556,83;0,0000052
6557,39;0,0000052
6557,97;0,0000051
6558,48;0,0000051
6559,05;0,0000051
6559,56;0,0000051
6560,08;0,0000051
6560,61;0,0000051
6561,20;0,000005
6561,75;0,000005
6562,31;0,000005
6562,86;0,000005
6563,41;0,000005
6564;0,000005
6564,56;0,000005
6565,13;0,0000049
6565,66;0,0000049
6566,22;0,0000049
6566,75;0,0000049
6567,30;0,0000049
6567,83;0,0000048
6568,36;0,0000048
6568,91;0,0000048
6569,45;0,0000048
6570,02;0,0000048
6570,55;0,0000051
6571,08;0,0000049
6571,63;0,0000048
6572,20;0,0000048
6572,73;0,0000048
6573,30;0,0000048
6573,88;0,0000047
6574,41;0,0000047
6574,95;0,0000047
6575,47;0,0000047
6576,02;0,0000047
6576,59;0,0000047
6577,13;0,0000046
6577,64;0,0000046
6578,17;0,0000046
6578,70;0,0000046
6579,25;0,0000046
6579,78;0,0000046
6580,33;0,0000046
6580,91;0,0000045
6581,42;0,0000045
6581,98;0,0000045
6582,50;0,0000045
6583,02;0,0000045
6583,55;0,0000045
6584,08;0,0000045
6584,61;0,0000044
6585,19;0,0000044
6585,72;0,0000044
6586,27;0,0000044
6586,80;0,0000044
6587,34;0,0000044
6587,91;0,0000044
6588,44;0,0000043
6588,97;0,0000043
6589,55;0,0000043
6590,09;0,0000043
6590,64;0,0000043
6591,20;0,0000043
6591,77;0,0000043
6592,30;0,0000042
6592,86;0,0000042
6593,39;0,0000042
6593,95;0,0000042
6594,52;0,0000042
6595,03;0,0000042
6595,59;0,0000042
6596,11;0,0000042
6596,67;0,0000042
6597,20;0,0000042
6597,75;0,0000041
6598,28;0,0000041
6598,83;0,0000041
6599,36;0,0000041
6599,94;0,0000041
6600,50;0,0000041
6601,03;0,0000041
6601,56;0,0000041
6602,08;0,000004
6602,61;0,000004
6603,19;0,000004
6603,72;0,000004
6604,27;0,000004
6604,84;0,000004
6605,36;0,000004
6605,94;0,000004
6606,45;0,000004
6607,02;0,0000039
6607,55;0,0000039
6608,09;0,0000039
6608,66;0,0000039
6609,19;0,0000039
6609,73;0,0000039
6610,25;0,0000039
6610,81;0,0000039
6611,41;0,0000039
6611,92;0,0000039
6612,48;0,0000038
6613;0,0000038
6613,56;0,0000038
6614,09;0,0000038
6614,66;0,0000038
6615,17;0,0000038
6615,72;0,0000038
6616,28;0,0000038
6616,83;0,0000038
6617,42;0,0000038
6618;0,0000038
6618,53;0,0000037
6619,08;0,0000037
6619,61;0,0000037
6620,16;0,0000037
6620,73;0,0000037
6621,25;0,0000037
6621,83;0,0000037
6622,33;0,0000037
6622,84;0,0000037
6623,39;0,0000037
6623,97;0,0000036
6624,52;0,0000036
6625,06;0,0000036
6625,63;0,0000036
6626,17;0,0000036
6626,77;0,0000036
6627,34;0,0000036
6627,92;0,0000036
6628,48;0,0000036
6629,05;0,0000036
6629,56;0,0000036
6630,13;0,0000036
6630,64;0,0000035
6631,20;0,0000035
6631,72;0,0000035
6632,28;0,0000035
6632,80;0,0000035
6633,34;0,0000035
6633,86;0,0000035
6634,44;0,0000035
6635,03;0,0000035
6635,59;0,0000035
6636,14;0,0000035
6636,69;0,0000034
6637,27;0,0000034
6637,81;0,0000034
6638,39;0,0000034
6638,94;0,0000034
6639,47;0,0000034
6639,98;0,0000034
6640,52;0,0000034
6641,08;0,0000034
6641,61;0,0000034
6642,14;0,0000034
6642,69;0,0000034
6643,22;0,0000034
6643,77;0,0000034
6644,28;0,0000034
6644,88;0,0000033
6645,44;0,0000033
6645,97;0,0000033
6646,52;0,0000033
6647,03;0,0000033
6647,59;0,0000033
6648,13;0,0000033
6648,67;0,0000033
6649,19;0,0000033
6649,77;0,0000033
6650,34;0,0000033
6650,86;0,0000033
6651,42;0,0000033
6651,95;0,0000033
6652,48;0,0000032
6653,03;0,0000032
6653,56;0,0000032
6654,11;0,0000032
6654,64;0,0000032
6655,16;0,0000032
6655,72;0,0000032
6656,28;0,0000032
6656,83;0,0000032
6657,41;0,0000032
6658;0,0000032
6658,58;0,0000032
6659,11;0,0000032
6659,66;0,0000032
6660,19;0,0000032
6660,72;0,0000031
6661,30;0,0000031
6661,83;0,0000031
6662,39;0,0000031
6662,92;0,0000031
6663,47;0,0000031
6664,02;0,0000031
6664,55;0,0000031
6665,08;0,0000031
6665,63;0,0000031
6666,17;0,0000031
6666,72;0,0000031
6667,31;0,0000031
6667,88;0,0000031
6668,42;0,0000031
6668,97;0,000003
6669,50;0,000003
6670,05;0,000003
6670,63;0,000003
6671,14;0,000003
6671,67;0,000003
6672,22;0,000003
6672,75;0,000003
6673,28;0,000003
6673,80;0,000003
6674,36;0,000003
6674,89;0,000003
6675,44;0,000003
6675,97;0,000003
6676,52;0,000003
6677,09;0,000003
6677,64;0,000003
6678,22;0,000003
6678,77;0,000003
6679,30;0,000003
6679,81;0,000003
6680,34;0,0000029
6680,91;0,0000029
6681,44;0,0000029
6681,97;0,0000029
6682,52;0,0000029
6683,05;0,0000029
6683,61;0,0000029
6684,20;0,0000029
6684,77;0,0000029
6685,31;0,0000029
6685,84;0,0000029
6686,36;0,0000029
6686,92;0,0000029
6687,45;0,0000029
6688;0,0000029
6688,53;0,0000029
6689,09;0,0000029
6689,67;0,0000029
6690,19;0,0000028
6690,75;0,0000028
6691,28;0,0000028
6691,83;0,0000028
6692,36;0,0000028
6692,91;0,0000028
6693,44;0,0000028
6693,98;0,0000028
6694,50;0,0000028
6695,06;0,0000028
6695,58;0,0000028
6696,14;0,0000028
6696,69;0,0000028
6697,23;0,0000028
6697,80;0,0000028
6698,33;0,0000028
6698,88;0,0000028
6699,41;0,0000028
6699,94;0,0000028
6700,48;0,0000028
6701;0,0000028
6701,56;0,0000028
6702,16;0,0000027
6702,69;0,0000027
6703,23;0,0000027
6703,75;0,0000027
6704,31;0,0000027
6704,84;0,0000027
6705,39;0,0000027
6705,91;0,0000027
6706,45;0,0000027
6706,98;0,0000027
6707,53;0,0000027
6708,05;0,0000027
6708,63;0,0000027
6709,17;0,0000027
6709,70;0,0000027
6710,25;0,0000027
6710,78;0,0000027
6711,36;0,0000027
6711,88;0,0000027
6712,44;0,0000027
6712,97;0,0000027
6713,52;0,0000027
6714,09;0,0000027
6714,63;0,0000027
6715,19;0,0000027
6715,72;0,0000027
6716,30;0,0000026
6716,83;0,0000026
6717,38;0,0000026
6717,89;0,0000026
6718,45;0,0000026
6719,03;0,0000026
6719,55;0,0000026
6720,13;0,0000026
6720,64;0,0000026
6721,20;0,0000026
6721,78;0,0000026
6722,30;0,0000026
6722,84;0,0000026
6723,39;0,0000026
6723,94;0,0000026
6724,52;0,0000026
6725,06;0,0000026
6725,61;0,0000026
6726,14;0,0000026
6726,72;0,0000026
6727,31;0,0000026
6727,89;0,0000026
6728,42;0,0000026
6728,97;0,0000026
6729,48;0,0000025
6730,05;0,0000025
6730,63;0,0000025
6731,16;0,0000025
6731,72;0,0000025
6732,23;0,0000025
6732,78;0,0000025
6733,33;0,0000025
6733,91;0,0000025
6734,44;0,0000025
6734,98;0,0000025
6735,56;0,0000025
6736,16;0,0000025
6736,72;0,0000025
6737,27;0,0000025
6737,81;0,0000025
6738,31;0,0000025
6738,89;0,0000025
6739,42;0,0000025
6739,97;0,0000025
6740,48;0,0000025
6741,05;0,0000025
6741,56;0,0000025
6742,08;0,0000025
6742,61;0,0000025
6743,19;0,0000025
6743,70;0,0000025
6744,27;0,0000025
6744,78;0,0000025
6745,31;0,0000025
6745,86;0,0000025
6746,44;0,0000025
6746,97;0,0000024
6747,52;0,0000025
6748,03;0,0000025
6748,59;0,0000025
6749,11;0,0000024
6749,63;0,0000024
6750,17;0,0000024
6750,75;0,0000024
6751,28;0,0000024
6751,83;0,0000024
6752,33;0,0000024
6752,91;0,0000024
6753,41;0,0000024
6753,92;0,0000024
6754,47;0,0000024
6755,05;0,0000024
6755,58;0,0000024
6756,09;0,0000024
6756,63;0,0000024
6757,16;0,0000024
6757,70;0,0000024
6758,22;0,0000024
6758,80;0,0000024
6759,36;0,0000024
6759,91;0,0000024
6760,47;0,0000024
6761;0,0000024
6761,56;0,0000024
6762,13;0,0000024
6762,64;0,0000024
6763,17;0,0000024
6763,70;0,0000024
6764,25;0,0000024
6764,80;0,0000024
6765,39;0,0000024
6765,97;0,0000024
6766,50;0,0000024
6767,05;0,0000024
6767,63;0,0000024
6768,19;0,0000024
6768,75;0,0000023
6769,30;0,0000023
6769,81;0,0000024
6770,34;0,0000023
6770,91;0,0000023
6771,44;0,0000023
6771,97;0,0000023
6772,48;0,0000023
6773,06;0,0000023
6773,66;0,0000023
6774,22;0,0000023
6774,73;0,0000023
6775,31;0,0000023
6775,89;0,0000023
6776,44;0,0000023
6777,02;0,0000023
6777,56;0,0000023
6778,09;0,0000023
6778,61;0,0000023
6779,14;0,0000023
6779,70;0,0000023
6780,25;0,0000023
6780,84;0,0000023
6781,42;0,0000023
6781,94;0,0000023
6782,50;0,0000023
6783,02;0,0000023
6783,56;0,0000023
6784,11;0,0000023
6784,64;0,0000023
6785,16;0,0000023
6785,72;0,0000023
6786,25;0,0000023
6786,80;0,0000023
6787,33;0,0000023
6787,89;0,0000023
6788,47;0,0000023
6788,98;0,0000023
6789,55;0,0000023
6790,08;0,0000023
6790,63;0,0000023
6791,16;0,0000023
6791,73;0,0000023
6792,28;0,0000023
6792,83;0,0000023
6793,41;0,0000023
6793,95;0,0000023
6794,50;0,0000023
6795,06;0,0000023
6795,66;0,0000023
6796,17;0,0000023
6796,73;0,0000022
6797,28;0,0000022
6797,88;0,0000022
6798,45;0,0000022
6798,98;0,0000022
6799,53;0,0000022
6800,05;0,0000022
6800,58;0,0000022
6801,14;0,0000022
6801,67;0,0000022
6802,20;0,0000022
6802,75;0,0000022
6803,33;0,0000022
6803,86;0,0000022
6804,41;0,0000022
6804,98;0,0000022
6805,50;0,0000022
6806,06;0,0000022
6806,58;0,0000022
6807,09;0,0000022
6807,64;0,0000022
6808,22;0,0000022
6808,77;0,0000022
6809,31;0,0000022
6809,88;0,0000022
6810,42;0,0000022
6810,97;0,0000022
6811,50;0,0000022
6812,02;0,0000022
6812,59;0,0000022
6813,17;0,0000022
6813,72;0,0000022
6814,27;0,0000022
6814,83;0,0000022
6815,34;0,0000022
6815,89;0,0000022
6816,44;0,0000022
6816,98;0,0000022
6817,56;0,0000022
6818,09;0,0000022
6818,64;0,0000022
6819,17;0,0000022
6819,72;0,0000022
6820,27;0,0000022
6820,84;0,0000022
6821,36;0,0000022
6821,92;0,0000022
6822,47;0,0000022
6822,98;0,0000022
6823,52;0,0000022
6824,08;0,0000022
6824,61;0,0000022
6825,16;0,0000022
6825,69;0,0000022
6826,23;0,0000022
6826,80;0,0000021
6827,31;0,0000021
6827,91;0,0000022
6828,48;0,0000021
6829,06;0,0000021
6829,63;0,0000021
6830,19;0,0000021
6830,70;0,0000021
6831,27;0,0000021
6831,81;0,0000021
6832,34;0,0000021
6832,86;0,0000021
6833,42;0,0000021
6833,98;0,0000021
6834,56;0,0000021
6835,08;0,0000021
6835,64;0,0000021
6836,22;0,0000021
6836,75;0,0000021
6837,30;0,0000021
6837,81;0,0000021
6838,39;0,0000021
6838,91;0,0000021
6839,45;0,0000021
6840;0,0000021
6840,55;0,0000021
6841,08;0,0000021
6841,66;0,0000021
6842,19;0,0000021
6842,72;0,0000021
6843,30;0,0000021
6843,88;0,0000021
6844,41;0,0000021
6844,95;0,0000021
6845,53;0,0000021
6846,05;0,0000021
6846,58;0,0000021
6847,13;0,0000021
6847,66;0,0000021
6848,19;0,0000021
6848,73;0,0000021
6849,27;0,0000021
6849,84;0,0000021
6850,38;0,0000021
6850,92;0,0000021
6851,45;0,0000021
6852;0,0000021
6852,56;0,0000021
6853,13;0,0000021
6853,64;0,0000021
6854,20;0,0000021
6854,72;0,0000021
6855,28;0,0000021
6855,80;0,0000021
6856,36;0,0000021
6856,88;0,0000021
6857,42;0,0000021
6857,94;0,0000021
6858,50;0,0000021
6859,02;0,0000021
6859,61;0,0000021
6860,19;0,0000021
6860,75;0,0000021
6861,30;0,0000021
6861,84;0,0000021
6862,42;0,0000021
6862,94;0,0000021
6863,47;0,0000021
6864,02;0,0000021
6864,55;0,0000021
6865,08;0,0000021
6865,59;0,0000021
6866,16;0,0000021
6866,73;0,0000021
6867,27;0,0000021
6867,81;0,0000021
6868,34;0,000002
6868,89;0,0000021
6869,45;0,0000021
6869,98;0,0000021
6870,52;0,0000021
6871,06;0,0000021
6871,59;0,0000021
6872,14;0,0000021
6872,67;0,000002
6873,23;0,000002
6873,77;0,000002
6874,31;0,0000021
6874,84;0,000002
6875,39;0,000002
6875,91;0,0000021
6876,50;0,000002
6877,08;0,000002
6877,64;0,000002
6878,19;0,000002
6878,72;0,000002
6879,23;0,000002
6879,80;0,000002
6880,36;0,000002
6880,91;0,000002
6881,48;0,000002
6882,08;0,000002
6882,66;0,000002
6883,23;0,000002
6883,77;0,000002
6884,31;0,000002
6884,84;0,000002
6885,39;0,000002
6885,91;0,000002
6886,47;0,000002
6886,98;0,000002
6887,50;0,000002
6888,06;0,000002
6888,63;0,000002
6889,16;0,000002
6889,70;0,000002
6890,25;0,000002
6890,83;0,000002
6891,41;0,000002
6891,92;0,000002
6892,50;0,000002
6893,08;0,000002
6893,66;0,000002
6894,17;0,000002
6894,73;0,000002
6895,25;0,000002
6895,80;0,000002
6896,34;0,000002
6896,91;0,000002
6897,48;0,000002
6898;0,000002
6898,58;0,000002
6899,09;0,000002
6899,63;0,000002
6900,19;0,000002
6900,73;0,000002
6901,30;0,000002
6901,84;0,000002
6902,39;0,000002
6902,92;0,000002
6903,48;0,000002
6904,05;0,000002
6904,56;0,000002
6905,13;0,000002
6905,64;0,000002
6906,20;0,000002
6906,73;0,000002
6907,28;0,000002
6907,81;0,000002
6908,36;0,000002
6908,92;0,000002
6909,47;0,000002
6910,03;0,000002
6910,56;0,000002
6911,14;0,000002
6911,67;0,000002
6912,22;0,000002
6912,75;0,000002
6913,28;0,000002
6913,81;0,000002
6914,39;0,000002
6914,92;0,000002
6915,47;0,000002
6915,98;0,000002
6916,55;0,000002
6917,08;0,000002
6917,63;0,000002
6918,16;0,000002
6918,69;0,000002
6919,22;0,000002
6919,77;0,000002
6920,28;0,000002
6920,84;0,000002
6921,44;0,000002
6922,02;0,000002
6922,53;0,000002
6923,09;0,000002
6923,63;0,000002
6924,17;0,000002
6924,70;0,000002
6925,25;0,000002
6925,81;0,000002
6926,36;0,000002
6926,92;0,000002
6927,45;0,000002
6927,98;0,000002
6928,53;0,000002
6929,11;0,000002
6929,64;0,000002
6930,17;0,0000019
6930,72;0,000002
6931,28;0,000002
6931,86;0,000002
6932,38;0,000002
6932,94;0,000002
6933,52;0,000002
6934,05;0,000002
6934,59;0,0000019
6935,11;0,0000019
6935,67;0,000002
6936,20;0,0000019
6936,75;0,000002
6937,30;0,000002
6937,88;0,0000019
6938,45;0,000002
6939,05;0,000002
6939,61;0,000002
6940,13;0,000002
6940,66;0,0000019
6941,20;0,0000019
6941,73;0,0000019
6942,27;0,0000019
6942,84;0,0000019
6943,38;0,0000019
6943,92;0,0000019
6944,45;0,0000019
6945;0,0000019
6945,56;0,0000019
6946,11;0,000002
6946,67;0,0000019
6947,20;0,0000019
6947,75;0,0000019
6948,27;0,0000019
6948,84;0,0000019
6949,42;0,0000019
6949,94;0,0000019
6950,50;0,0000019
6951,02;0,0000019
6951,58;0,0000019
6952,11;0,0000019
6952,66;0,0000019
6953,19;0,0000019
6953,73;0,0000019
6954,31;0,0000019
6954,86;0,0000019
6955,44;0,0000019
6955,97;0,0000019
6956,52;0,0000019
6957,09;0,0000019
6957,63;0,0000019
6958,19;0,0000019
6958,77;0,0000019
6959,34;0,0000019
6959,86;0,0000019
6960,41;0,0000019
6960,95;0,0000019
6961,52;0,0000019
6962,06;0,0000019
6962,59;0,0000019
6963,11;0,0000019
6963,67;0,0000019
6964,20;0,0000019
6964,75;0,0000019
6965,28;0,0000019
6965,81;0,0000019
6966,36;0,0000019
6966,89;0,0000019
6967,41;0,0000019
6967,95;0,0000019
6968,50;0,0000019
6969,08;0,0000019
6969,64;0,0000019
6970,16;0,0000019
6970,73;0,0000019
6971,31;0,0000019
6971,83;0,0000019
6972,39;0,0000019
6972,94;0,0000019
6973,47;0,0000019
6973,98;0,0000019
6974,55;0,0000019
6975,08;0,0000019
6975,63;0,0000019
6976,16;0,0000019
6976,70;0,0000019
6977,28;0,0000019
6977,84;0,0000019
6978,41;0,0000019
6978,92;0,0000019
6979,48;0,0000019
6980;0,0000019
6980,56;0,0000019
6981,09;0,0000019
6981,63;0,0000019
6982,16;0,0000019
6982,70;0,0000019
6983,25;0,0000019
6983,80;0,0000019
6984,39;0,0000019
6984,95;0,0000019
6985,50;0,0000019
6986,05;0,0000019
6986,63;0,0000019
6987,17;0,0000019
6987,75;0,0000019
6988,28;0,0000019
6988,83;0,0000019
6989,34;0,0000019
6989,91;0,0000019
6990,48;0,0000019
6991;0,0000019
6991,58;0,0000019
6992,16;0,0000019
6992,69;0,0000019
6993,23;0,0000019
6993,77;0,0000019
6994,31;0,0000019
6994,89;0,0000019
6995,42;0,0000019
6995,98;0,0000019
6996,52;0,0000019
6997,06;0,0000019
6997,59;0,0000019
6998,17;0,0000019
6998,70;0,0000019
6999,23;0,0000019
6999,78;0,0000019
7000,31;0,0000019
7000,84;0,0000019
7001,42;0,0000019
7002;0,0000019
7002,56;0,0000019
7003,09;0,0000019
7003,64;0,0000019
7004,17;0,0000019
7004,73;0,0000019
7005,27;0,0000019
7005,81;0,0000019
7006,34;0,0000019
7006,89;0,0000019
7007,47;0,0000019
7007,98;0,0000019
7008,53;0,0000019
7009,08;0,0000019
7009,63;0,0000019
7010,16;0,0000019
7010,70;0,0000019
7011,27;0,0000019
7011,81;0,0000019
7012,38;0,0000019
7012,91;0,0000019
7013,44;0,0000019
7013,98;0,0000019
7014,56;0,0000019
7015,11;0,0000019
7015,66;0,0000019
7016,22;0,0000019
7016,73;0,0000019
7017,30;0,0000019
7017,81;0,0000019
7018,33;0,0000019
7018,86;0,0000019
7019,42;0,0000019
7019,95;0,0000019
7020,48;0,0000019
7021,03;0,0000019
7021,61;0,0000019
7022,13;0,0000019
7022,69;0,0000019
7023,27;0,0000019
7023,78;0,0000019
7024,34;0,0000019
7024,86;0,0000019
7025,38;0,0000019
7025,92;0,0000019
7026,50;0,0000018
7027,03;0,0000019
7027,55;0,0000019
7028,08;0,0000019
7028,61;0,0000019
7029,16;0,0000019
7029,67;0,0000019
7030,22;0,0000019
7030,80;0,0000019
7031,33;0,0000019
7031,88;0,0000018
7032,41;0,0000019
7032,95;0,0000019
7033,47;0,0000018
7034,06;0,0000019
7034,63;0,0000019
7035,17;0,0000018
7035,70;0,0000019
7036,22;0,0000019
7036,78;0,0000019
7037,38;0,0000019
7037,89;0,0000019
7038,45;0,0000019
7039,03;0,0000019
7039,55;0,0000019
7040,11;0,0000019
7040,64;0,0000018
7041,19;0,0000019
7041,75;0,0000018
7042,30;0,0000018
7042,86;0,0000018
7043,39;0,0000018
7043,92;0,0000019
7044,44;0,0000018
7044,97;0,0000019
7045,55;0,0000019
7046,05;0,0000018
7046,59;0,0000019
7047,16;0,0000018
7047,69;0,0000018
7048,22;0,0000018
7048,77;0,0000018
7049,31;0,0000018
7049,84;0,0000018
7050,38;0,0000018
7050,94;0,0000018
7051,52;0,0000018
7052,05;0,0000018
7052,59;0,0000018
7053,11;0,0000018
7053,67;0,0000018
7054,25;0,0000018
7054,78;0,0000018
7055,31;0,0000018
7055,84;0,0000018
7056,39;0,0000018
7056,91;0,0000018
7057,44;0,0000018
7058;0,0000018
7058,53;0,0000018
7059,06;0,0000018
7059,61;0,0000018
7060,14;0,0000018
7060,66;0,0000018
7061,22;0,0000018
7061,75;0,0000018
7062,30;0,0000018
7062,86;0,0000018
7063,39;0,0000018
7063,95;0,0000018
7064,53;0,0000018
7065,08;0,0000018
7065,63;0,0000018
7066,13;0,0000018
7066,66;0,0000018
7067,19;0,0000018
7067,73;0,0000018
7068,27;0,0000018
7068,78;0,0000018
7069,33;0,0000018
7069,89;0,0000018
7070,41;0,0000018
7070,97;0,0000018
7071,48;0,0000018
7072;0,0000018
7072,55;0,0000018
7073,08;0,0000018
7073,63;0,0000018
7074,16;0,0000018
7074,70;0,0000018
7075,25;0,0000018
7075,78;0,0000018
7076,30;0,0000018
7076,86;0,0000018
7077,44;0,0000018
7077,97;0,0000018
7078,52;0,0000018
7079,03;0,0000018
7079,59;0,0000018
7080,13;0,0000018
7080,67;0,0000018
7081,20;0,0000018
7081,72;0,0000018
7082,25;0,0000018
7082,80;0,0000018
7083,33;0,0000018
7083,88;0,0000018
7084,42;0,0000018
7084,98;0,0000018
7085,52;0,0000018
7086,08;0,0000018
7086,63;0,0000018
7087,17;0,0000018
7087,77;0,0000018
7088,33;0,0000018
7088,84;0,0000018
7089,41;0,0000018
7089,95;0,0000018
7090,48;0,0000018
7091,06;0,0000018
7091,59;0,0000018
7092,16;0,0000018
7092,67;0,0000018
7093,19;0,0000018
7093,72;0,0000018
7094,30;0,0000018
7094,81;0,0000018
7095,38;0,0000018
7095,89;0,0000018
7096,45;0,0000018
7096,97;0,0000018
7097,53;0,0000018
7098,08;0,0000018
7098,64;0,0000018
7099,16;0,0000018
7099,73;0,0000018
7100,33;0,0000018
7100,89;0,0000018
7101,41;0,0000018
7101,97;0,0000018
7102,52;0,0000018
7103,06;0,0000018
7103,64;0,0000018
7104,16;0,0000018
7104,72;0,0000018
7105,23;0,0000018
7105,77;0,0000018
7106,30;0,0000018
7106,81;0,0000018
7107,38;0,0000018
7107,95;0,0000018
7108,48;0,0000018
7109,03;0,0000018
7109,56;0,0000018
7110,11;0,0000018
7110,67;0,0000018
7111,23;0,0000018
7111,75;0,0000018
7112,31;0,0000018
7112,86;0,0000018
7113,39;0,0000018
7113,91;0,0000018
7114,45;0,0000018
7114,98;0,0000018
7115,53;0,0000018
7116,05;0,0000018
7116,61;0,0000018
7117,13;0,0000018
7117,72;0,0000018
7118,28;0,0000018
7118,80;0,0000018
7119,36;0,0000018
7119,91;0,0000018
7120,42;0,0000018
7120,95;0,0000018
7121,52;0,0000018
7122,05;0,0000018
7122,59;0,0000018
7123,13;0,0000018
7123,66;0,0000018
7124,17;0,0000018
7124,77;0,0000018
7125,34;0,0000018
7125,88;0,0000018
7126,41;0,0000018
7126,95;0,0000018
7127,48;0,0000018
7128;0,0000018
7128,56;0,0000018
7129,09;0,0000018
7129,64;0,0000018
7130,17;0,0000018
7130,73;0,0000018
7131,25;0,0000018
7131,81;0,0000018
7132,39;0,0000018
7132,92;0,0000018
7133,47;0,0000018
7134;0,0000018
7134,55;0,0000018
7135,08;0,0000018
7135,63;0,0000018
7136,19;0,0000018
7136,72;0,0000018
7137,25;0,0000018
7137,80;0,0000018
7138,31;0,0000018
7138,86;0,0000018
7139,41;0,0000018
7139,97;0,0000018
7140,52;0,0000018
7141,05;0,0000018
7141,56;0,0000018
7142,13;0,0000018
7142,64;0,0000018
7143,20;0,0000018
7143,72;0,0000018
7144,27;0,0000018
7144,80;0,0000018
7145,34;0,0000018
7145,86;0,0000018
7146,41;0,0000018
7146,94;0,0000018
7147,48;0,0000018
7148,03;0,0000018
7148,59;0,0000018
7149,14;0,0000018
7149,66;0,0000018
7150,19;0,0000018
7150,75;0,0000018
7151,28;0,0000018
7151,83;0,0000018
7152,36;0,0000018
7152,89;0,0000018
7153,44;0,0000018
7153,98;0,0000018
7154,50;0,0000018
7155,06;0,0000018
7155,58;0,0000018
7156,16;0,0000017
7156,73;0,0000018
7157,31;0,0000018
7157,83;0,0000018
7158,39;0,0000018
7158,91;0,0000018
7159,47;0,0000018
7159,98;0,0000018
7160,55;0,0000018
7161,13;0,0000018
7161,66;0,0000018
7162,20;0,0000018
7162,73;0,0000018
7163,28;0,0000018
7163,84;0,0000018
7164,39;0,0000018
7164,92;0,0000018
7165,45;0,0000018
7166;0,0000018
7166,53;0,0000018
7167,05;0,0000018
7167,59;0,0000018
7168,14;0,0000018
7168,70;0,0000018
7169,22;0,0000018
7169,78;0,0000018
7170,33;0,0000018
7170,88;0,0000018
7171,47;0,0000018
7172,05;0,0000018
7172,58;0,0000018
7173,13;0,0000018
7173,70;0,0000018
7174,22;0,0000018
7174,78;0,0000018
7175,30;0,0000018
7175,86;0,0000018
7176,38;0,0000018
7176,89;0,0000018
7177,44;0,0000018
7177,97;0,0000018
7178,52;0,0000018
7179,05;0,0000018
7179,58;0,0000018
7180,13;0,0000018
7180,66;0,0000018
7181,20;0,0000018
7181,77;0,0000018
7182,33;0,0000018
7182,84;0,0000018
7183,41;0,0000018
7183,92;0,0000017
7184,44;0,0000018
7184,98;0,0000018
7185,53;0,0000018
7186,06;0,0000018
7186,61;0,0000018
7187,14;0,0000018
7187,69;0,0000018
7188,22;0,0000018
7188,77;0,0000018
7189,31;0,0000018
7189,86;0,0000018
7190,39;0,0000018
7190,97;0,0000018
7191,48;0,0000018
7192,02;0,0000018
7192,58;0,0000018
7193,11;0,0000018
7193,66;0,0000018
7194,19;0,0000018
7194,77;0,0000018
7195,28;0,0000018
7195,86;0,0000018
7196,41;0,0000018
7196,94;0,0000018
7197,52;0,0000018
7198,03;0,0000018
7198,56;0,0000018
7199,11;0,0000018
7199,66;0,0000018
7200,23;0,0000018
7200,78;0,0000018
7201,36;0,0000018
7201,95;0,0000018
7202,53;0,0000018
7203,06;0,0000018
7203,61;0,0000018
7204,19;0,0000018
7204,73;0,0000018
7205,28;0,0000018
7205,81;0,0000018
7206,36;0,0000018
7206,88;0,0000017
7207,42;0,0000018
7207,97;0,0000018
7208,53;0,0000018
7209,05;0,0000018
7209,61;0,0000018
7210,13;0,0000018
7210,69;0,0000018
7211,20;0,0000018
7211,77;0,0000018
7212,30;0,0000018
7212,83;0,0000018
7213,38;0,0000018
7213,91;0,0000018
7214,42;0,0000018
7214,97;0,0000018
7215,52;0,0000018
7216,08;0,0000018
7216,59;0,0000018
7217,16;0,0000018
7217,70;0,0000018
7218,22;0,0000018
7218,75;0,0000018
7219,31;0,0000017
7219,84;0,0000017
7220,38;0,0000018
7220,92;0,0000018
7221,45;0,0000018
7222;0,0000018
7222,55;0,0000018
7223,09;0,0000018
7223,64;0,0000018
7224,20;0,0000017
7224,78;0,0000018
7225,31;0,0000018
7225,86;0,0000017
7226,39;0,0000017
7226,92;0,0000018
7227,47;0,0000018
7228;0,0000017
7228,55;0,0000018
7229,08;0,0000018
7229,59;0,0000017
7230,16;0,0000018
7230,72;0,0000018
7231,27;0,0000017
7231,84;0,0000018
7232,44;0,0000018
7233,02;0,0000018
7233,55;0,0000018
7234,09;0,0000017
7234,61;0,0000017
7235,17;0,0000018
7235,75;0,0000017
7236,27;0,0000017
7236,78;0,0000017
7237,34;0,0000017
7237,86;0,0000018
7238,42;0,0000017
7238,98;0,0000017
7239,52;0,0000017
7240,05;0,0000017
7240,56;0,0000017
7241,13;0,0000017
7241,64;0,0000017
7242,16;0,0000017
7242,70;0,0000017
7243,28;0,0000017
7243,83;0,0000017
7244,38;0,0000018
7244,89;0,0000017
7245,45;0,0000017
7245,98;0,0000017
7246,53;0,0000017
7247,06;0,0000017
7247,61;0,0000017
7248,13;0,0000017
7248,69;0,0000017
7249,20;0,0000017
7249,77;0,0000017
7250,30;0,0000017
7250,84;0,0000017
7251,38;0,0000017
7251,94;0,0000017
7252,48;0,0000017
7253;0,0000017
7253,55;0,0000017
7254,09;0,0000017
7254,66;0,0000017
7255,20;0,0000017
7255,73;0,0000017
7256,25;0,0000017
7256,83;0,0000017
7257,41;0,0000017
7257,92;0,0000017
7258,48;0,0000017
7259,03;0,0000017
7259,56;0,0000017
7260,11;0,0000017
7260,67;0,0000017
7261,23;0,0000017
7261,75;0,0000017
7262,30;0,0000017
7262,86;0,0000017
7263,39;0,0000017
7263,94;0,0000017
7264,47;0,0000017
7265;0,0000017
7265,55;0,0000017
7266,09;0,0000017
7266,67;0,0000017
7267,22;0,0000017
7267,75;0,0000017
7268,30;0,0000017
7268,83;0,0000017
7269,38;0,0000017
7269,91;0,0000017
7270,42;0,0000017
7270,98;0,0000017
7271,53;0,0000017
7272,05;0,0000017
7272,59;0,0000017
7273,13;0,0000017
7273,67;0,0000017
7274,20;0,0000017
7274,75;0,0000017
7275,31;0,0000017
7275,84;0,0000017
7276,38;0,0000017
7276,92;0,0000017
7277,44;0,0000017
7278;0,0000017
7278,53;0,0000017
7279,08;0,0000017
7279,59;0,0000017
7280,11;0,0000017
7280,64;0,0000017
7281,17;0,0000017
7281,72;0,0000017
7282,23;0,0000017
7282,78;0,0000017
7283,36;0,0000017
7283,89;0,0000017
7284,44;0,0000017
7284,97;0,0000017
7285,52;0,0000017
7286,05;0,0000017
7286,59;0,0000017
7287,16;0,0000017
7287,69;0,0000017
7288,23;0,0000017
7288,77;0,0000017
7289,28;0,0000017
7289,88;0,0000017
7290,45;0,0000017
7291,03;0,0000017
7291,61;0,0000017
7292,13;0,0000017
7292,67;0,0000017
7293,20;0,0000017
7293,75;0,0000017
7294,31;0,0000017
7294,86;0,0000017
7295,42;0,0000017
7295,95;0,0000017
7296,53;0,0000017
7297,06;0,0000017
7297,61;0,0000017
7298,13;0,0000017
7298,69;0,0000017
7299,28;0,0000017
7299,86;0,0000017
7300,38;0,0000017
7300,92;0,0000017
7301,47;0,0000017
7302,02;0,0000017
7302,55;0,0000017
7303,09;0,0000017
7303,66;0,0000017
7304,20;0,0000017
7304,78;0,0000017
7305,30;0,0000017
7305,88;0,0000017
7306,45;0,0000017
7307,03;0,0000017
7307,59;0,0000017
7308,13;0,0000017
7308,67;0,0000017
7309,20;0,0000017
7309,72;0,0000017
7310,27;0,0000017
7310,81;0,0000017
7311,34;0,0000017
7311,88;0,0000017
7312,42;0,0000017
7312,95;0,0000017
7313,50;0,0000017
7314,05;0,0000017
7314,61;0,0000017
7315,17;0,0000017
7315,70;0,0000017
7316,25;0,0000017
7316,77;0,0000017
7317,33;0,0000017
7317,89;0,0000017
7318,42;0,0000017
7318,97;0,0000017
7319,50;0,0000017
7320,05;0,0000017
7320,56;0,0000017
7321,13;0,0000017
7321,72;0,0000017
7322,25;0,0000017
7322,80;0,0000017
7323,31;0,0000017
7323,88;0,0000017
7324,41;0,0000017
7324,94;0,0000017
7325,48;0,0000017
7326,03;0,0000017
7326,56;0,0000018
7327,14;0,0000017
7327,70;0,0000017
7328,23;0,0000017
7328,77;0,0000017
7329,31;0,0000017
7329,89;0,0000017
7330,42;0,0000017
7330,95;0,0000017
7331,50;0,0000017
7332,03;0,0000017
7332,59;0,0000017
7333,16;0,0000017
7333,69;0,0000017
7334,25;0,0000017
7334,78;0,0000017
7335,33;0,0000017
7335,86;0,0000017
7336,41;0,0000017
7336,97;0,0000017
7337,53;0,0000017
7338,11;0,0000017
7338,69;0,0000017
7339,20;0,0000017
7339,75;0,0000017
7340,33;0,0000017
7340,86;0,0000017
7341,41;0,0000017
7341,94;0,0000017
7342,48;0,0000017
7343,02;0,0000017
7343,56;0,0000017
7344,13;0,0000017
7344,66;0,0000017
7345,20;0,0000017
7345,73;0,0000017
7346,25;0,0000017
7346,84;0,0000017
7347,42;0,0000017
7348;0,0000017
7348,58;0,0000017
7349,13;0,0000017
7349,67;0,0000017
7350,20;0,0000017
7350,78;0,0000017
7351,30;0,0000017
7351,83;0,0000017
7352,39;0,0000017
7352,92;0,0000017
7353,45;0,0000017
7354;0,0000017
7354,53;0,0000017
7355,09;0,0000017
7355,67;0,0000017
7356,25;0,0000017
7356,83;0,0000017
7357,34;0,0000017
7357,89;0,0000017
7358,44;0,0000017
7358,98;0,0000017
7359,52;0,0000017
7360,06;0,0000017
7360,58;0,0000017
7361,14;0,0000017
7361,67;0,0000017
7362,23;0,0000017
7362,77;0,0000017
7363,34;0,0000017
7363,92;0,0000017
7364,50;0,0000017
7365,08;0,0000017
7365,59;0,0000017
7366,14;0,0000017
7366,67;0,0000017
7367,22;0,0000017
7367,78;0,0000017
7368,31;0,0000017
7368,84;0,0000017
7393,78;0,0000017
7393,80;0,0000017
7393,81;0,0000017
7393,83;0,0000017
7393,83;0,0000017
7393,84;0,0000017
7393,86;0,0000017
7393,88;0,0000017
7393,89;0,0000017
7393,91;0,0000017
7393,91;0,0000017
7393,92;0,0000017
7393,94;0,0000017
7393,95;0,0000017
7393,97;0,0000017
7393,97;0,0000017
7393,98;0,0000017
7394;0,0000017
7394,02;0,0000017
7394,03;0,0000017
7394,05;0,0000017
7394,05;0,0000017
7394,06;0,0000017
7394,08;0,0000017
7394,09;0,0000017
7394,11;0,0000017
7394,13;0,0000017
7394,13;0,0000017
7394,14;0,0000017
7394,16;0,0000017
7394,17;0,0000017
7394,19;0,0000017
7394,20;0,0000017
7394,22;0,0000017
7394,22;0,0000017
7394,23;0,0000017
7394,25;0,0000017
7394,27;0,0000017
7394,28;0,0000017
7394,30;0,0000017
7394,31;0,0000017
7394,31;0,0000017
7394,33;0,0000017
7394,34;0,0000017
7394,36;0,0000017
7394,38;0,0000017
7394,39;0,0000017
7394,83;0,0000017
7395,36;0,0000017
7395,92;0,0000017
7396,52;0,0000017
7397,08;0,0000017
7397,63;0,0000017
7398,17;0,0000017
7398,70;0,0000017
7399,27;0,0000017
7399,83;0,0000017
7410,25;0,0000017
7410,25;0,0000017
7410,27;0,0000017
7410,28;0,0000017
7410,30;0,0000017
7410,31;0,0000017
7410,31;0,0000017
7410,33;0,0000017
7410,34;0,0000017
7410,36;0,0000017
7410,38;0,0000017
7410,39;0,0000017
7410,39;0,0000017
7410,41;0,0000017
7410,42;0,0000017
7410,44;0,0000017
7410,45;0,0000017
7410,45;0,0000017
7410,47;0,0000017
7410,64;0,0000017
7411,17;0,0000017
7411,72;0,0000017
7412,25;0,0000017
7412,81;0,0000017
7413,41;0,0000017
7413,97;0,0000017
7414,52;0,0000017
7415,05;0,0000017
;0
