0,00;0,000026;0,000026
0,55;0,000025;2,58511E-05
1,10;0,000024;2,56918E-05
1,64;0,000024;2,55433E-05
2,21;0,000024;2,53884E-05
2,75;0,000024;2,52437E-05
3,30;0,000024;2,5098E-05
3,88;0,000024;2,49462E-05
4,42;0,000024;2,48081E-05
5,00;0,000023;2,46081E-05
5,52;0,000024;2,45362E-05
6,08;0,000023;2,43357E-05
6,64;0,000023;2,41978E-05
7,17;0,000023;2,40701E-05
7,72;0,000023;2,39396E-05
8,25;0,000023;2,38164E-05
8,80;0,000022;2,35878E-05
9,33;0,000022;2,3464E-05
9,89;0,000022;2,33348E-05
10,44;0,000022;2,32106E-05
10,97;0,000022;2,30936E-05
11,52;0,000022;2,29704E-05
12,05;0,000022;2,28612E-05
12,60;0,000022;2,27422E-05
13,14;0,000021;2,24782E-05
13,71;0,000021;2,23617E-05
14,24;0,000021;2,22489E-05
14,77;0,000021;2,21379E-05
15,30;0,000021;2,20288E-05
15,85;0,000021;2,19262E-05
16,42;0,000021;2,18116E-05
16,99;0,000021;2,17039E-05
17,53;0,00002;2,14009E-05
18,07;0,00002;2,12948E-05
18,60;0,00002;2,11985E-05
19,14;0,00002;2,10962E-05
19,69;0,00002;2,09934E-05
20,27;0,00002;2,08916E-05
20,85;0,00002;2,07982E-05
21,36;0,00002;2,06975E-05
21,92;0,00002;2,06062E-05
22,50;0,00002;2,05061E-05
23,03;0,00002;2,04185E-05
23,58;0,000019;2,00737E-05
24,11;0,000019;1,99789E-05
24,66;0,000019;1,98886E-05
25,19;0,000019;1,98117E-05
25,74;0,000019;1,97248E-05
26,25;0,000019;1,96403E-05
26,80;0,000019;1,95565E-05
27,33;0,000019;1,94865E-05
27,86;0,000019;1,94021E-05
28,41;0,000018;1,90072E-05
28,94;0,000018;1,8931E-05
29,52;0,000018;1,88549E-05
30,05;0,000018;1,87732E-05
30,58;0,000018;1,87017E-05
31,11;0,000018;1,86227E-05
31,66;0,000018;1,85595E-05
32,24;0,000018;1,84828E-05
32,82;0,000018;1,83983E-05
33,38;0,000018;1,83287E-05
33,92;0,000017;1,78889E-05
34,46;0,000017;1,78135E-05
35,00;0,000017;1,77498E-05
35,53;0,000017;1,7679E-05
36,10;0,000017;1,76124E-05
36,67;0,000017;1,75475E-05
37,21;0,000017;1,74896E-05
37,75;0,000017;1,74223E-05
38,28;0,000017;1,73579E-05
38,83;0,000017;1,73023E-05
39,41;0,000017;1,72428E-05
39,96;0,000016;1,67394E-05
40,50;0,000016;1,66881E-05
41,03;0,000016;1,66279E-05
41,58;0,000016;1,65897E-05
42,16;0,000016;1,65108E-05
42,72;0,000016;1,64615E-05
43,28;0,000016;1,64009E-05
43,85;0,000016;1,63526E-05
44,38;0,000016;1,62869E-05
44,94;0,000016;1,62428E-05
45,47;0,000016;1,61922E-05
46,00;0,000016;1,61426E-05
46,55;0,000015;1,55841E-05
47,08;0,000015;1,5549E-05
47,63;0,000015;1,54978E-05
48,17;0,000015;1,54353E-05
48,69;0,000015;1,53913E-05
49,27;0,000015;1,53527E-05
49,85;0,000015;1,53011E-05
50,42;0,000015;1,52523E-05
50,96;0,000015;1,52241E-05
51,52;0,000015;1,51645E-05
52,05;0,000015;1,51402E-05
52,63;0,000015;1,50793E-05
53,21;0,000015;1,50497E-05
53,74;0,000014;1,44205E-05
54,28;0,000014;1,43987E-05
54,82;0,000014;1,43462E-05
55,35;0,000014;1,43122E-05
55,92;0,000014;1,42892E-05
56,44;0,000014;1,42425E-05
57,00;0,000014;1,41906E-05
57,58;0,000014;1,41695E-05
58,11;0,000014;1,41239E-05
58,66;0,000014;1,40928E-05
59,17;0,000014;1,40686E-05
59,74;0,000014;1,40366E-05
60,28;0,000014;1,39929E-05
60,86;0,000014;1,39787E-05
61,39;0,000014;1,3938E-05
61,94;0,000013;1,32594E-05
62,53;0,000013;1,32288E-05
63,10;0,000013;1,32022E-05
63,61;0,000013;1,31666E-05
64,19;0,000013;1,31404E-05
64,72;0,000013;1,31222E-05
65,27;0,000013;1,31022E-05
65,78;0,000013;1,3051E-05
66,33;0,000013;1,30326E-05
66,91;0,000013;1,29921E-05
67,44;0,000013;1,29974E-05
68,00;0,000013;1,2942E-05
68,53;0,000013;1,29298E-05
69,08;0,000013;1,28965E-05
69,63;0,000013;1,28834E-05
70,17;0,000012;1,21401E-05
70,69;0,000012;1,21123E-05
71,24;0,000012;1,20813E-05
71,78;0,000012;1,20522E-05
72,33;0,000012;1,20432E-05
72,92;0,000012;1,203E-05
73,49;0,000012;1,19995E-05
74,03;0,000012;1,19945E-05
74,58;0,000012;1,1968E-05
75,11;0,000012;1,19446E-05
75,66;0,000012;1,19408E-05
76,24;0,000012;1,19128E-05
76,75;0,000012;1,18939E-05
77,32;0,000012;1,18685E-05
77,86;0,000012;1,18692E-05
78,41;0,000012;1,18475E-05
78,99;0,000012;1,1823E-05
79,50;0,000012;1,18297E-05
80,08;0,000011;1,0989E-05
80,66;0,000011;1,09892E-05
81,19;0,000011;1,09732E-05
81,74;0,000011;1,09554E-05
82,32;0,000011;1,09349E-05
82,83;0,000011;1,09465E-05
83,38;0,000011;1,09073E-05
83,91;0,000011;1,0918E-05
84,46;0,000011;1,08798E-05
85,02;0,000011;1,08887E-05
85,55;0,000011;1,08778E-05
86,08;0,000011;1,08434E-05
86,60;0,000011;1,08589E-05
87,13;0,000011;1,08254E-05
87,71;0,000011;1,08359E-05
88,24;0,000011;1,08034E-05
88,75;0,000011;1,08229E-05
89,35;0,000011;1,08088E-05
89,92;0,000011;1,07985E-05
90,50;0,00001;9,87939E-06
91,07;0,00001;9,87036E-06
91,63;0,00001;9,86301E-06
92,17;0,00001;9,83257E-06
92,72;0,00001;9,85332E-06
93,30;0,00001;9,8458E-06
93,85;0,00001;9,84199E-06
94,38;0,00001;9,81446E-06
94,89;0,00001;9,81575E-06
95,46;0,00001;9,83828E-06
96,03;0,00001;9,80811E-06
96,55;0,0000099;9,71408E-06
97,11;0,0000099;9,7128E-06
97,64;0,0000099;9,71509E-06
98,19;0,0000098;9,61892E-06
98,72;0,0000098;9,6224E-06
99,27;0,0000097;9,49876E-06
99,85;0,0000097;9,49849E-06
100,39;0,0000096;9,40356E-06
100,94;0,0000096;9,4074E-06
101,47;0,0000096;9,38549E-06
102,05;0,0000095;9,31585E-06
102,57;0,0000095;9,29575E-06
103,10;0,0000094;9,20257E-06
103,66;0,0000094;9,17954E-06
104,19;0,0000094;9,18855E-06
104,72;0,0000093;9,09595E-06
105,27;0,0000093;9,07508E-06
105,80;0,0000092;8,98247E-06
106,38;0,0000092;8,98921E-06
106,96;0,0000091;8,89229E-06
107,52;0,0000091;8,9021E-06
108,05;0,0000091;8,88514E-06
108,61;0,000009;8,79063E-06
109,14;0,000009;8,80476E-06
109,71;0,0000089;8,70953E-06
110,25;0,0000089;8,69334E-06
110,77;0,0000089;8,70997E-06
111,28;0,0000088;8,58953E-06
111,82;0,0000088;8,60546E-06
112,35;0,0000088;8,59162E-06
112,89;0,0000087;8,53133E-06
113,41;0,0000087;8,48765E-06
113,97;0,0000087;8,50399E-06
114,55;0,0000086;8,4095E-06
115,07;0,0000086;8,43043E-06
115,63;0,0000085;8,27346E-06
116,14;0,0000085;8,296E-06
116,66;0,0000085;8,28595E-06
117,19;0,0000084;8,19583E-06
117,72;0,0000084;8,18571E-06
118,27;0,0000084;8,17429E-06
118,86;0,0000083;8,0797E-06
119,41;0,0000083;8,10215E-06
119,99;0,0000083;8,08958E-06
120,58;0,0000082;7,9956E-06
121,16;0,0000082;8,01747E-06
121,69;0,0000081;7,89446E-06
122,24;0,0000081;7,91973E-06
122,77;0,0000081;7,87901E-06
123,32;0,000008;7,75429E-06
123,89;0,000008;7,77927E-06
124,41;0,000008;7,80873E-06
124,97;0,0000079;7,68317E-06
125,50;0,0000079;7,71292E-06
126,05;0,0000079;7,70684E-06
126,60;0,0000078;7,58188E-06
127,13;0,0000078;7,5779E-06
127,66;0,0000078;7,57423E-06
128,21;0,0000078;7,60485E-06
128,74;0,0000077;7,48146E-06
129,30;0,0000077;7,51243E-06
129,88;0,0000077;7,50663E-06
130,46;0,0000076;7,41558E-06
131,03;0,0000076;7,41129E-06
131,55;0,0000076;7,44742E-06
132,10;0,0000075;7,28561E-06
132,64;0,0000075;7,28436E-06
133,21;0,0000075;7,3182E-06
133,72;0,0000074;7,19547E-06
134,28;0,0000074;7,19389E-06
134,83;0,0000074;7,1933E-06
135,35;0,0000074;7,19507E-06
135,88;0,0000073;7,10845E-06
136,42;0,0000073;7,10959E-06
136,96;0,0000072;6,98413E-06
137,50;0,0000072;7,02391E-06
138,05;0,0000072;6,98723E-06
138,58;0,0000072;7,02859E-06
139,10;0,0000071;6,90438E-06
139,66;0,0000071;6,90614E-06
140,19;0,0000071;6,91018E-06
140,74;0,0000071;6,95229E-06
141,25;0,000007;6,82858E-06
141,80;0,000007;6,83237E-06
142,33;0,000007;6,83775E-06
142,89;0,0000069;6,7104E-06
143,46;0,0000069;6,71382E-06
144,05;0,0000069;6,75629E-06
144,57;0,0000069;6,76368E-06
145,13;0,0000068;6,63622E-06
145,69;0,0000068;6,64168E-06
146,24;0,0000068;6,64809E-06
146,82;0,0000067;6,51897E-06
147,39;0,0000067;6,52474E-06
147,97;0,0000067;6,57137E-06
148,55;0,0000067;6,57737E-06
149,07;0,0000066;6,4933E-06
149,63;0,0000066;6,45955E-06
150,14;0,0000066;6,51268E-06
150,72;0,0000066;6,47795E-06
151,25;0,0000065;6,39359E-06
151,80;0,0000065;6,36106E-06
152,35;0,0000065;6,41362E-06
152,89;0,0000065;6,42471E-06
153,42;0,0000064;6,25504E-06
153,99;0,0000064;6,30774E-06
154,58;0,0000064;6,27361E-06
155,14;0,0000064;6,32802E-06
155,69;0,0000063;6,19967E-06
156,22;0,0000063;6,21314E-06
156,77;0,0000063;6,22581E-06
157,30;0,0000063;6,23995E-06
157,83;0,0000063;6,25441E-06
158,38;0,0000062;6,1259E-06
158,91;0,0000062;6,14093E-06
159,47;0,0000062;6,19981E-06
160,05;0,0000062;6,16757E-06
160,57;0,0000061;6,04029E-06
161,13;0,0000061;6,05493E-06
161,66;0,0000061;6,02598E-06
162,21;0,0000061;6,0416E-06
162,74;0,000006;5,95912E-06
163,28;0,000006;5,93006E-06
163,82;0,000006;5,94714E-06
164,36;0,000006;5,96457E-06
164,92;0,0000059;5,83416E-06
165,46;0,0000059;5,85217E-06
165,99;0,0000059;5,87107E-06
166,57;0,0000059;5,8877E-06
167,08;0,0000059;5,90838E-06
167,61;0,0000058;5,73187E-06
168,14;0,0000058;5,75175E-06
168,71;0,0000058;5,76994E-06
169,24;0,0000058;5,79057E-06
169,78;0,0000058;5,81106E-06
170,33;0,0000058;5,78292E-06
170,86;0,0000057;5,65365E-06
171,38;0,0000057;5,67578E-06
171,94;0,0000057;5,69628E-06
172,50;0,0000057;5,71717E-06
173,03;0,0000056;5,58719E-06
173,55;0,0000056;5,56143E-06
174,08;0,0000056;5,58445E-06
174,61;0,0000056;5,60786E-06
175,16;0,0000056;5,6307E-06
175,67;0,0000055;5,50119E-06
176,22;0,0000055;5,4745E-06
176,77;0,0000055;5,49797E-06
177,33;0,0000055;5,52137E-06
177,85;0,0000055;5,54711E-06
178,41;0,0000055;5,57135E-06
178,92;0,0000054;5,44146E-06
179,50;0,0000054;5,41394E-06
180,05;0,0000054;5,4393E-06
180,58;0,0000054;5,46605E-06
181,13;0,0000054;5,44014E-06
181,66;0,0000053;5,30884E-06
182,21;0,0000053;5,33527E-06
182,72;0,0000053;5,364E-06
183,28;0,0000053;5,33812E-06
183,85;0,0000053;5,41774E-06
184,38;0,0000053;5,3933E-06
184,92;0,0000052;5,26102E-06
185,46;0,0000052;5,28991E-06
186,00;0,0000052;5,31927E-06
186,52;0,0000052;5,29573E-06
187,08;0,0000052;5,32469E-06
187,66;0,0000051;5,13586E-06
188,17;0,0000051;5,22171E-06
188,74;0,0000051;5,19638E-06
189,25;0,0000051;5,22871E-06
189,77;0,0000051;5,20571E-06
190,30;0,0000051;5,23767E-06
190,89;0,000005;5,10194E-06
191,44;0,000005;5,13365E-06
192,00;0,000005;5,10934E-06
192,55;0,000005;5,14159E-06
193,10;0,000005;5,17436E-06
193,69;0,000005;5,1489E-06
194,25;0,000005;5,18178E-06
194,82;0,0000049;5,04656E-06
195,35;0,0000049;5,08139E-06
195,91;0,0000049;5,05766E-06
196,44;0,0000049;5,09304E-06
196,99;0,0000049;5,06985E-06
197,52;0,0000048;4,93555E-06
198,05;0,0000048;4,97159E-06
198,60;0,0000048;4,9488E-06
199,14;0,0000048;4,98499E-06
199,71;0,0000048;4,96148E-06
200,24;0,0000051;5,50783E-06
200,77;0,0000049;5,20803E-06
201,32;0,0000048;5,07402E-06
201,89;0,0000048;5,0506E-06
202,42;0,0000048;5,08959E-06
202,99;0,0000048;5,06627E-06
203,57;0,0000047;4,93006E-06
204,10;0,0000047;4,96975E-06
204,64;0,0000047;5,00969E-06
205,16;0,0000047;4,98877E-06
205,71;0,0000047;5,02895E-06
206,28;0,0000047;5,00611E-06
206,82;0,0000046;4,87063E-06
207,33;0,0000046;4,85055E-06
207,86;0,0000046;4,89224E-06
208,39;0,0000046;4,93461E-06
208,94;0,0000046;4,97689E-06
209,47;0,0000046;4,95606E-06
210,02;0,0000046;4,93454E-06
210,60;0,0000045;4,79678E-06
211,11;0,0000045;4,84135E-06
211,67;0,0000045;4,81981E-06
212,19;0,0000045;4,86469E-06
212,71;0,0000045;4,84475E-06
213,24;0,0000045;4,88996E-06
213,77;0,0000045;4,8697E-06
214,30;0,0000044;4,73302E-06
214,88;0,0000044;4,71125E-06
215,41;0,0000044;4,82391E-06
215,96;0,0000044;4,8032E-06
216,49;0,0000044;4,78334E-06
217,03;0,0000044;4,83046E-06
217,60;0,0000044;4,80916E-06
218,13;0,0000043;4,67157E-06
218,66;0,0000043;4,65212E-06
219,24;0,0000043;4,69857E-06
219,78;0,0000043;4,67881E-06
220,33;0,0000043;4,72716E-06
220,89;0,0000043;4,70672E-06
221,46;0,0000043;4,75514E-06
221,99;0,0000042;4,54766E-06
222,55;0,0000042;4,59645E-06
223,08;0,0000042;4,64718E-06
223,64;0,0000042;4,69774E-06
224,21;0,0000042;4,6773E-06
224,72;0,0000042;4,73051E-06
225,28;0,0000042;4,71047E-06
225,80;0,0000042;4,76421E-06
226,36;0,0000042;4,74421E-06
226,89;0,0000042;4,7985E-06
227,44;0,0000041;4,58546E-06
227,97;0,0000041;4,56696E-06
228,52;0,0000041;4,62049E-06
229,05;0,0000041;4,67571E-06
229,63;0,0000041;4,65544E-06
230,19;0,0000041;4,63596E-06
230,72;0,0000041;4,69208E-06
231,25;0,0000041;4,67366E-06
231,77;0,000004;4,53379E-06
232,30;0,000004;4,51572E-06
232,88;0,000004;4,57108E-06
233,41;0,000004;4,55303E-06
233,96;0,000004;4,61043E-06
234,53;0,000004;4,59104E-06
235,05;0,000004;4,65049E-06
235,63;0,000004;4,63078E-06
236,14;0,000004;4,61352E-06
236,71;0,0000039;4,47109E-06
237,24;0,0000039;4,45351E-06
237,78;0,0000039;4,51323E-06
238,35;0,0000039;4,57312E-06
238,88;0,0000039;4,55548E-06
239,42;0,0000039;4,53758E-06
239,94;0,0000039;4,60019E-06
240,50;0,0000039;4,58163E-06
241,10;0,0000039;4,56183E-06
241,61;0,0000039;4,62585E-06
242,17;0,0000038;4,40227E-06
242,69;0,0000038;4,46589E-06
243,25;0,0000038;4,44777E-06
243,78;0,0000038;4,51226E-06
244,35;0,0000038;4,49382E-06
244,86;0,0000038;4,47739E-06
245,41;0,0000038;4,5424E-06
245,97;0,0000038;4,52435E-06
246,52;0,0000038;4,59061E-06
247,11;0,0000038;4,57159E-06
247,69;0,0000038;4,55298E-06
248,22;0,0000037;4,41028E-06
248,77;0,0000037;4,39298E-06
249,30;0,0000037;4,37637E-06
249,85;0,0000037;4,44372E-06
250,42;0,0000037;4,42585E-06
250,94;0,0000037;4,49548E-06
251,52;0,0000037;4,47728E-06
252,02;0,0000037;4,54891E-06
252,53;0,0000037;4,53289E-06
253,08;0,0000037;4,51568E-06
253,66;0,0000036;4,28365E-06
254,21;0,0000036;4,35348E-06
254,75;0,0000036;4,33698E-06
255,32;0,0000036;4,40765E-06
255,86;0,0000036;4,39113E-06
256,46;0,0000036;4,37286E-06
257,03;0,0000036;4,4449E-06
257,61;0,0000036;4,42722E-06
258,17;0,0000036;4,50108E-06
258,74;0,0000036;4,48368E-06
259,25;0,0000036;4,46818E-06
259,82;0,0000036;4,45091E-06
260,33;0,0000035;4,30711E-06
260,89;0,0000035;4,29048E-06
261,41;0,0000035;4,36687E-06
261,97;0,0000035;4,35022E-06
262,49;0,0000035;4,42825E-06
263,03;0,0000035;4,41215E-06
263,55;0,0000035;4,39671E-06
264,13;0,0000035;4,37955E-06
264,72;0,0000035;4,36216E-06
265,28;0,0000035;4,4404E-06
265,83;0,0000035;4,42416E-06
266,38;0,0000034;4,27805E-06
266,96;0,0000034;4,26127E-06
267,50;0,0000034;4,24571E-06
268,08;0,0000034;4,22906E-06
268,63;0,0000034;4,30907E-06
269,16;0,0000034;4,29382E-06
269,67;0,0000034;4,3768E-06
270,21;0,0000034;4,36122E-06
270,77;0,0000034;4,34511E-06
271,30;0,0000034;4,42929E-06
271,83;0,0000034;4,41401E-06
272,38;0,0000034;4,3982E-06
272,91;0,0000034;4,48422E-06
273,46;0,0000034;4,46836E-06
273,97;0,0000034;4,45371E-06
274,57;0,0000033;4,20506E-06
275,13;0,0000033;4,28998E-06
275,66;0,0000033;4,27511E-06
276,21;0,0000033;4,25974E-06
276,72;0,0000033;4,348E-06
277,28;0,0000033;4,33229E-06
277,82;0,0000033;4,3172E-06
278,36;0,0000033;4,30215E-06
278,88;0,0000033;4,39201E-06
279,46;0,0000033;4,3758E-06
280,03;0,0000033;4,35992E-06
280,55;0,0000033;4,34549E-06
281,11;0,0000033;4,43617E-06
281,64;0,0000033;4,42141E-06
282,17;0,0000032;4,16891E-06
282,72;0,0000032;4,15406E-06
283,25;0,0000032;4,24533E-06
283,80;0,0000032;4,23042E-06
284,33;0,0000032;4,32398E-06
284,85;0,0000032;4,30982E-06
285,41;0,0000032;4,29462E-06
285,97;0,0000032;4,27947E-06
286,52;0,0000032;4,37463E-06
287,10;0,0000032;4,35888E-06
287,69;0,0000032;4,34291E-06
288,27;0,0000032;4,43956E-06
288,80;0,0000032;4,42515E-06
289,35;0,0000032;4,41025E-06
289,88;0,0000032;4,39594E-06
290,41;0,0000031;4,24877E-06
290,99;0,0000031;4,23343E-06
291,52;0,0000031;4,21945E-06
292,08;0,0000031;4,20474E-06
292,61;0,0000031;4,30488E-06
293,16;0,0000031;4,29035E-06
293,71;0,0000031;4,27587E-06
294,24;0,0000031;4,26197E-06
294,77;0,0000031;4,36455E-06
295,32;0,0000031;4,35004E-06
295,86;0,0000031;4,33584E-06
296,41;0,0000031;4,32143E-06
297,00;0,0000031;4,42495E-06
297,57;0,0000031;4,40994E-06
298,11;0,0000031;4,39576E-06
298,66;0,000003;4,24742E-06
299,19;0,000003;4,1154E-06
299,74;0,000003;4,21968E-06
300,32;0,000003;4,20486E-06
300,83;0,000003;4,31313E-06
301,36;0,000003;4,17841E-06
301,91;0,000003;4,2854E-06
302,44;0,000003;4,27186E-06
302,97;0,000003;4,38243E-06
303,49;0,000003;4,24516E-06
304,05;0,000003;4,3547E-06
304,58;0,000003;4,34116E-06
305,13;0,000003;4,32715E-06
305,66;0,000003;4,31369E-06
306,21;0,000003;4,42641E-06
306,78;0,000003;4,41184E-06
307,33;0,000003;4,39783E-06
307,91;0,000003;4,38311E-06
308,46;0,000003;4,49883E-06
308,99;0,000003;4,48529E-06
309,50;0,000003;4,4723E-06
310,03;0,0000029;4,19581E-06
310,60;0,0000029;4,18176E-06
311,13;0,0000029;4,29789E-06
311,66;0,0000029;4,28473E-06
312,21;0,0000029;4,27112E-06
312,74;0,0000029;4,25804E-06
313,30;0,0000029;4,24427E-06
313,89;0,0000029;4,36203E-06
314,46;0,0000029;4,34791E-06
315,00;0,0000029;4,33458E-06
315,53;0,0000029;4,32153E-06
316,05;0,0000029;4,30877E-06
316,61;0,0000029;4,43051E-06
317,14;0,0000029;4,4174E-06
317,69;0,0000029;4,40384E-06
318,22;0,0000029;4,39082E-06
318,78;0,0000029;4,51608E-06
319,36;0,0000029;4,36293E-06
319,88;0,0000028;4,21593E-06
320,44;0,0000028;4,20252E-06
320,97;0,0000028;4,32871E-06
321,52;0,0000028;4,17679E-06
322,05;0,0000028;4,30268E-06
322,60;0,0000028;4,28948E-06
323,13;0,0000028;4,2768E-06
323,67;0,0000028;4,26392E-06
324,19;0,0000028;4,39386E-06
324,75;0,0000028;4,23827E-06
325,27;0,0000028;4,36792E-06
325,83;0,0000028;4,35452E-06
326,38;0,0000028;4,34141E-06
326,92;0,0000028;4,32857E-06
327,49;0,0000028;4,461E-06
328,02;0,0000028;4,44829E-06
328,57;0,0000028;4,43514E-06
329,10;0,0000028;4,42251E-06
329,63;0,0000028;4,40991E-06
330,17;0,0000028;4,39711E-06
330,69;0,0000028;4,53459E-06
331,25;0,0000028;4,5212E-06
331,85;0,0000027;4,22364E-06
332,38;0,0000027;4,2114E-06
332,92;0,0000027;4,19896E-06
333,44;0,0000027;4,18702E-06
334,00;0,0000027;4,32366E-06
334,53;0,0000027;4,31136E-06
335,08;0,0000027;4,29865E-06
335,60;0,0000027;4,28666E-06
336,14;0,0000027;4,27424E-06
336,67;0,0000027;4,26209E-06
337,22;0,0000027;4,40316E-06
337,74;0,0000027;4,39112E-06
338,32;0,0000027;4,37773E-06
338,86;0,0000027;4,3653E-06
339,39;0,0000027;4,35313E-06
339,94;0,0000027;4,34055E-06
340,47;0,0000027;4,48648E-06
341,05;0,0000027;4,47307E-06
341,57;0,0000027;4,46109E-06
342,13;0,0000027;4,44821E-06
342,66;0,0000027;4,43606E-06
343,21;0,0000027;4,42349E-06
343,78;0,0000027;4,57312E-06
344,32;0,0000027;4,56065E-06
344,88;0,0000027;4,54776E-06
345,41;0,0000027;4,53559E-06
345,99;0,0000026;4,22808E-06
346,52;0,0000026;4,3792E-06
347,07;0,0000026;4,36684E-06
347,58;0,0000026;4,3554E-06
348,14;0,0000026;4,34288E-06
348,72;0,0000026;4,32995E-06
349,24;0,0000026;4,3184E-06
349,82;0,0000026;4,30554E-06
350,33;0,0000026;4,29427E-06
350,89;0,0000026;4,44945E-06
351,47;0,0000026;4,43649E-06
351,99;0,0000026;4,4249E-06
352,53;0,0000026;4,41289E-06
353,08;0,0000026;4,4007E-06
353,63;0,0000026;4,38854E-06
354,21;0,0000026;4,37575E-06
354,75;0,0000026;4,53653E-06
355,30;0,0000026;4,52427E-06
355,83;0,0000026;4,51248E-06
356,41;0,0000026;4,49962E-06
357,00;0,0000026;4,48657E-06
357,58;0,0000026;4,47378E-06
358,11;0,0000026;4,46213E-06
358,66;0,0000026;4,6281E-06
359,17;0,0000025;4,30834E-06
359,74;0,0000025;4,29607E-06
360,32;0,0000025;4,28362E-06
360,85;0,0000025;4,27227E-06
361,41;0,0000025;4,26031E-06
361,92;0,0000025;4,42805E-06
362,47;0,0000025;4,23777E-06
363,02;0,0000025;4,40429E-06
363,60;0,0000025;4,39181E-06
364,13;0,0000025;4,38044E-06
364,67;0,0000025;4,36889E-06
365,25;0,0000025;4,35651E-06
365,85;0,0000025;4,34374E-06
366,41;0,0000025;4,33186E-06
366,96;0,0000025;4,50438E-06
367,50;0,0000025;4,49277E-06
368,00;0,0000025;4,48205E-06
368,58;0,0000025;4,46965E-06
369,11;0,0000025;4,45835E-06
369,66;0,0000025;4,44665E-06
370,17;0,0000025;4,6266E-06
370,74;0,0000025;4,42377E-06
371,25;0,0000025;4,60335E-06
371,77;0,0000025;4,40205E-06
372,30;0,0000025;4,58087E-06
372,88;0,0000025;4,56849E-06
373,39;0,0000025;4,55764E-06
373,96;0,0000025;4,54554E-06
374,47;0,0000025;4,53474E-06
375,00;0,0000025;4,52355E-06
375,55;0,0000025;4,70888E-06
376,13;0,0000025;4,49977E-06
376,66;0,0000024;4,36227E-06
377,21;0,0000025;4,67345E-06
377,72;0,0000025;4,66262E-06
378,28;0,0000025;4,65076E-06
378,80;0,0000024;4,31825E-06
379,32;0,0000024;4,30762E-06
379,86;0,0000024;4,49442E-06
380,44;0,0000024;4,28482E-06
380,97;0,0000024;4,47142E-06
381,52;0,0000024;4,46007E-06
382,02;0,0000024;4,44978E-06
382,60;0,0000024;4,43787E-06
383,10;0,0000024;4,42763E-06
383,61;0,0000024;4,41721E-06
384,16;0,0000024;4,406E-06
384,74;0,0000024;4,3942E-06
385,27;0,0000024;4,5882E-06
385,78;0,0000024;4,37314E-06
386,32;0,0000024;4,36224E-06
386,85;0,0000024;4,35157E-06
387,39;0,0000024;4,54461E-06
387,91;0,0000024;4,53399E-06
388,49;0,0000024;4,52216E-06
389,05;0,0000024;4,51078E-06
389,60;0,0000024;4,49962E-06
390,16;0,0000024;4,48829E-06
390,69;0,0000024;4,47759E-06
391,25;0,0000024;4,46632E-06
391,82;0,0000024;4,66657E-06
392,33;0,0000024;4,65615E-06
392,86;0,0000024;4,64534E-06
393,39;0,0000024;4,63456E-06
393,94;0,0000024;4,6234E-06
394,49;0,0000024;4,61227E-06
395,08;0,0000024;4,60035E-06
395,66;0,0000024;4,58867E-06
396,19;0,0000024;4,57802E-06
396,74;0,0000024;4,78682E-06
397,32;0,0000024;4,5554E-06
397,88;0,0000024;4,7636E-06
398,44;0,0000023;4,41372E-06
398,99;0,0000023;4,40293E-06
399,50;0,0000024;4,73079E-06
400,03;0,0000023;4,3826E-06
400,60;0,0000023;4,37149E-06
401,13;0,0000023;4,36119E-06
401,66;0,0000023;4,35092E-06
402,17;0,0000023;4,34105E-06
402,75;0,0000023;4,32986E-06
403,35;0,0000023;4,53913E-06
403,91;0,0000023;4,52815E-06
404,42;0,0000023;4,51817E-06
405,00;0,0000023;4,50684E-06
405,58;0,0000023;4,49554E-06
406,13;0,0000023;4,48486E-06
406,71;0,0000023;4,47361E-06
407,25;0,0000023;4,46317E-06
407,78;0,0000023;4,45295E-06
408,30;0,0000023;4,44294E-06
408,83;0,0000023;4,43276E-06
409,39;0,0000023;4,65163E-06
409,94;0,0000023;4,64089E-06
410,53;0,0000023;4,62939E-06
411,11;0,0000023;4,61812E-06
411,63;0,0000023;4,60804E-06
412,19;0,0000023;4,5972E-06
412,71;0,0000023;4,58716E-06
413,25;0,0000023;4,57676E-06
413,80;0,0000023;4,56619E-06
414,33;0,0000023;4,55603E-06
414,85;0,0000023;4,54608E-06
415,41;0,0000023;4,5354E-06
415,94;0,0000023;4,5253E-06
416,49;0,0000023;4,75344E-06
417,02;0,0000023;4,74317E-06
417,58;0,0000023;4,73234E-06
418,16;0,0000023;4,72116E-06
418,67;0,0000023;4,71135E-06
419,24;0,0000023;4,7004E-06
419,77;0,0000023;4,69025E-06
420,32;0,0000023;4,67974E-06
420,85;0,0000023;4,66963E-06
421,42;0,0000023;4,65878E-06
421,97;0,0000023;4,64834E-06
422,52;0,0000023;4,63792E-06
423,10;0,0000023;4,87545E-06
423,64;0,0000023;4,86505E-06
424,19;0,0000023;4,85447E-06
424,75;0,0000023;4,84373E-06
425,35;0,0000023;4,83224E-06
425,86;0,0000023;4,8225E-06
426,42;0,0000022;4,45662E-06
426,97;0,0000022;4,44649E-06
427,57;0,0000022;4,43547E-06
428,14;0,0000022;4,42502E-06
428,67;0,0000022;4,41533E-06
429,22;0,0000022;4,4053E-06
429,74;0,0000022;4,39584E-06
430,27;0,0000022;4,38621E-06
430,83;0,0000022;4,37606E-06
431,36;0,0000022;4,61686E-06
431,89;0,0000022;4,35692E-06
432,44;0,0000022;4,59693E-06
433,02;0,0000022;4,58626E-06
433,55;0,0000022;4,57653E-06
434,10;0,0000022;4,56645E-06
434,67;0,0000022;4,55604E-06
435,19;0,0000022;4,54655E-06
435,75;0,0000022;4,53636E-06
436,27;0,0000022;4,52692E-06
436,78;0,0000022;4,51768E-06
437,33;0,0000022;4,50774E-06
437,91;0,0000022;4,49727E-06
438,46;0,0000022;4,74904E-06
439,00;0,0000022;4,47767E-06
439,57;0,0000022;4,72865E-06
440,11;0,0000022;4,71876E-06
440,66;0,0000022;4,7087E-06
441,19;0,0000022;4,69904E-06
441,71;0,0000022;4,68957E-06
442,28;0,0000022;4,67922E-06
442,86;0,0000022;4,66871E-06
443,41;0,0000022;4,65876E-06
443,96;0,0000022;4,64883E-06
444,52;0,0000022;4,63875E-06
445,03;0,0000022;4,62959E-06
445,58;0,0000022;4,61972E-06
446,13;0,0000022;4,60988E-06
446,67;0,0000022;4,60024E-06
447,25;0,0000022;4,58991E-06
447,78;0,0000022;4,85343E-06
448,33;0,0000022;4,84343E-06
448,86;0,0000022;4,83382E-06
449,41;0,0000022;4,82386E-06
449,96;0,0000022;4,81393E-06
450,53;0,0000022;4,80366E-06
451,05;0,0000022;4,7943E-06
451,61;0,0000022;4,78425E-06
452,16;0,0000022;4,7744E-06
452,67;0,0000022;4,76528E-06
453,21;0,0000022;4,75564E-06
453,77;0,0000022;4,74567E-06
454,30;0,0000022;4,73625E-06
454,85;0,0000022;4,7265E-06
455,38;0,0000022;4,71712E-06
455,92;0,0000022;4,70758E-06
456,49;0,0000021;4,32993E-06
457,00;0,0000021;4,32127E-06
457,60;0,0000022;4,67803E-06
458,17;0,0000021;4,57679E-06
458,75;0,0000021;4,56674E-06
459,32;0,0000021;4,55688E-06
459,88;0,0000021;4,54722E-06
460,39;0,0000021;4,53843E-06
460,96;0,0000021;4,52864E-06
461,50;0,0000021;4,51937E-06
462,03;0,0000021;4,5103E-06
462,55;0,0000021;4,50142E-06
463,11;0,0000021;4,49187E-06
463,67;0,0000021;4,48234E-06
464,25;0,0000021;4,4725E-06
464,77;0,0000021;4,46369E-06
465,33;0,0000021;4,45422E-06
465,91;0,0000021;4,44444E-06
466,44;0,0000021;4,43552E-06
466,99;0,0000021;4,42628E-06
467,50;0,0000021;4,70644E-06
468,08;0,0000021;4,40802E-06
468,60;0,0000021;4,68755E-06
469,14;0,0000021;4,67831E-06
469,69;0,0000021;4,66891E-06
470,24;0,0000021;4,65953E-06
470,77;0,0000021;4,65051E-06
471,35;0,0000021;4,64066E-06
471,88;0,0000021;4,63168E-06
472,41;0,0000021;4,62271E-06
472,99;0,0000021;4,61292E-06
473,57;0,0000021;4,60315E-06
474,10;0,0000021;4,59424E-06
474,64;0,0000021;4,58518E-06
475,22;0,0000021;4,57547E-06
475,74;0,0000021;4,56678E-06
476,27;0,0000021;4,55794E-06
476,82;0,0000021;4,54878E-06
477,35;0,0000021;4,53997E-06
477,88;0,0000021;4,53119E-06
478,42;0,0000021;4,52225E-06
478,96;0,0000021;4,51333E-06
479,53;0,0000021;4,50393E-06
480,07;0,0000021;4,79698E-06
480,61;0,0000021;4,78787E-06
481,14;0,0000021;4,77894E-06
481,69;0,0000021;4,7697E-06
482,25;0,0000021;4,76031E-06
482,82;0,0000021;4,75076E-06
483,33;0,0000021;4,74224E-06
483,89;0,0000021;4,7329E-06
484,41;0,0000021;4,72424E-06
484,97;0,0000021;4,71494E-06
485,49;0,0000021;4,70632E-06
486,05;0,0000021;4,69705E-06
486,57;0,0000021;4,68845E-06
487,11;0,0000021;4,67955E-06
487,63;0,0000021;4,67099E-06
488,19;0,0000021;4,66179E-06
488,71;0,0000021;4,65326E-06
489,30;0,0000021;4,64361E-06
489,88;0,0000021;4,63414E-06
490,44;0,0000021;4,62501E-06
490,99;0,0000021;4,61606E-06
491,53;0,0000021;4,9244E-06
492,11;0,0000021;4,5979E-06
492,63;0,0000021;4,9061E-06
493,16;0,0000021;4,58093E-06
493,71;0,0000021;4,88819E-06
494,24;0,0000021;4,87943E-06
494,77;0,0000021;4,87069E-06
495,28;0,0000021;4,86228E-06
495,85;0,0000021;4,85291E-06
496,42;0,0000021;4,84356E-06
496,96;0,0000021;4,83471E-06
497,50;0,0000021;4,82588E-06
498,03;0,000002;4,42777E-06
498,58;0,0000021;4,80827E-06
499,14;0,0000021;4,79916E-06
499,67;0,0000021;4,79056E-06
500,21;0,0000021;4,78181E-06
500,75;0,0000021;4,77308E-06
501,28;0,0000021;4,76452E-06
501,83;0,0000021;4,75566E-06
502,36;0,000002;4,36015E-06
502,92;0,000002;4,35148E-06
503,46;0,000002;4,34314E-06
504,00;0,0000021;4,72085E-06
504,53;0,000002;4,32665E-06
505,08;0,000002;4,3182E-06
505,60;0,0000021;5,02809E-06
506,19;0,000002;4,3012E-06
506,77;0,000002;4,29234E-06
507,33;0,000002;4,2838E-06
507,88;0,000002;4,27544E-06
508,41;0,000002;4,26739E-06
508,92;0,000002;4,57933E-06
509,49;0,000002;4,57043E-06
510,05;0,000002;4,5617E-06
510,60;0,000002;4,55315E-06
511,17;0,000002;4,5443E-06
511,77;0,000002;4,53501E-06
512,35;0,000002;4,52604E-06
512,92;0,000002;4,51725E-06
513,46;0,000002;4,50893E-06
514,00;0,000002;4,50063E-06
514,53;0,000002;4,4925E-06
515,08;0,000002;4,48408E-06
515,60;0,000002;4,47613E-06
516,16;0,000002;4,46758E-06
516,67;0,000002;4,45981E-06
517,19;0,000002;4,45191E-06
517,75;0,000002;4,44341E-06
518,32;0,000002;4,43478E-06
518,85;0,000002;4,42676E-06
519,39;0,000002;4,41861E-06
519,94;0,000002;4,41033E-06
520,52;0,000002;4,40161E-06
521,10;0,000002;4,39291E-06
521,61;0,000002;4,38527E-06
522,19;0,000002;4,3766E-06
522,77;0,000002;4,70499E-06
523,35;0,000002;4,35931E-06
523,86;0,000002;4,68825E-06
524,42;0,000002;4,34342E-06
524,94;0,000002;4,67172E-06
525,49;0,000002;4,32759E-06
526,03;0,000002;4,6551E-06
526,60;0,000002;4,64643E-06
527,17;0,000002;4,63778E-06
527,69;0,000002;4,6299E-06
528,27;0,000002;4,62113E-06
528,78;0,000002;4,61343E-06
529,32;0,000002;4,60529E-06
529,88;0,000002;4,59686E-06
530,42;0,000002;4,58875E-06
530,99;0,000002;4,58021E-06
531,53;0,000002;4,57213E-06
532,08;0,000002;4,56391E-06
532,61;0,000002;4,55601E-06
533,17;0,000002;4,54767E-06
533,74;0,000002;4,5392E-06
534,25;0,000002;4,53164E-06
534,82;0,000002;4,5232E-06
535,33;0,000002;4,51566E-06
535,89;0,000002;4,5074E-06
536,42;0,000002;4,4996E-06
536,97;0,000002;4,49151E-06
537,50;0,000002;4,48374E-06
538,05;0,000002;4,47568E-06
538,61;0,000002;4,46749E-06
539,16;0,000002;4,45946E-06
539,72;0,000002;4,4513E-06
540,25;0,000002;4,4436E-06
540,83;0,000002;4,43518E-06
541,36;0,000002;4,4275E-06
541,91;0,000002;4,41954E-06
542,44;0,000002;4,41189E-06
542,97;0,000002;4,40425E-06
543,50;0,000002;4,39662E-06
544,08;0,000002;4,38829E-06
544,61;0,000002;4,38069E-06
545,16;0,000002;4,37282E-06
545,67;0,000002;4,36553E-06
546,24;0,000002;4,3574E-06
546,77;0,000002;4,34986E-06
547,32;0,000002;4,34204E-06
547,85;0,000002;4,68567E-06
548,38;0,000002;4,67791E-06
548,91;0,000002;4,67016E-06
549,46;0,000002;4,66213E-06
549,97;0,000002;4,6547E-06
550,53;0,000002;4,64656E-06
551,13;0,000002;4,63784E-06
551,71;0,000002;4,62944E-06
552,22;0,000002;4,62206E-06
552,78;0,000002;4,61397E-06
553,32;0,000002;4,60618E-06
553,86;0,000002;4,59841E-06
554,39;0,000002;4,59079E-06
554,94;0,000002;4,5829E-06
555,50;0,000002;4,57488E-06
556,05;0,000002;4,56702E-06
556,61;0,000002;4,55903E-06
557,14;0,000002;4,55148E-06
557,67;0,000002;4,54394E-06
558,22;0,000002;4,53613E-06
558,80;0,000002;4,5279E-06
559,33;0,000002;4,5204E-06
559,86;0,0000019;4,11554E-06
560,41;0,000002;4,50516E-06
560,97;0,000002;4,49728E-06
561,55;0,000002;4,48912E-06
562,07;0,000002;4,48183E-06
562,63;0,000002;4,47399E-06
563,21;0,000002;4,46588E-06
563,74;0,000002;4,45848E-06
564,28;0,0000019;4,05608E-06
564,80;0,0000019;4,04914E-06
565,36;0,000002;4,43594E-06
565,89;0,0000019;4,03463E-06
566,44;0,000002;4,42098E-06
566,99;0,000002;4,78392E-06
567,57;0,0000019;4,01238E-06
568,14;0,000002;4,39754E-06
568,74;0,000002;4,75899E-06
569,30;0,000002;4,38161E-06
569,82;0,000002;4,74367E-06
570,35;0,0000019;3,97582E-06
570,89;0,0000019;4,32278E-06
571,42;0,0000019;3,96184E-06
571,96;0,0000019;4,30827E-06
572,53;0,0000019;4,30056E-06
573,07;0,0000019;4,29327E-06
573,61;0,0000019;4,28599E-06
574,14;0,0000019;4,27885E-06
574,69;0,0000019;4,27146E-06
575,25;0,0000019;4,26395E-06
575,80;0,000002;4,65973E-06
576,36;0,0000019;4,2491E-06
576,89;0,0000019;4,24203E-06
577,44;0,0000019;4,2347E-06
577,96;0,0000019;4,22779E-06
578,53;0,0000019;4,22022E-06
579,11;0,0000019;4,21254E-06
579,63;0,0000019;4,20566E-06
580,19;0,0000019;4,19826E-06
580,71;0,0000019;4,19141E-06
581,27;0,0000019;4,18404E-06
581,80;0,0000019;4,17707E-06
582,35;0,0000019;4,16986E-06
582,88;0,0000019;4,16292E-06
583,42;0,0000019;4,15586E-06
584,00;0,0000019;4,14829E-06
584,55;0,0000019;4,14113E-06
585,13;0,0000019;4,13359E-06
585,66;0,0000019;4,12671E-06
586,21;0,0000019;4,11958E-06
586,78;0,0000019;4,11221E-06
587,32;0,0000019;4,10523E-06
587,88;0,0000019;4,09802E-06
588,46;0,0000019;4,09055E-06
589,03;0,0000019;4,08323E-06
589,55;0,0000019;4,07656E-06
590,10;0,0000019;4,06952E-06
590,64;0,0000019;4,06262E-06
591,21;0,0000019;4,05535E-06
591,75;0,0000019;4,04847E-06
592,28;0,0000019;4,04174E-06
592,80;0,0000019;4,03514E-06
593,36;0,0000019;4,02804E-06
593,89;0,0000019;4,02134E-06
594,44;0,0000019;4,01439E-06
594,97;0,0000019;4,00771E-06
595,50;0,0000019;4,00104E-06
596,05;0,0000019;3,99413E-06
596,58;0,0000019;3,98748E-06
597,10;0,0000019;3,98097E-06
597,64;0,0000019;3,97422E-06
598,19;0,0000019;3,96736E-06
598,77;0,0000019;3,96013E-06
599,33;0,0000019;3,95317E-06
599,85;0,0000019;3,94671E-06
600,42;0,0000019;3,93965E-06
601,00;0,0000019;4,30261E-06
601,52;0,0000019;3,92605E-06
602,08;0,0000019;4,28872E-06
602,63;0,0000019;4,28167E-06
603,16;0,0000019;4,27488E-06
603,67;0,0000019;3,89961E-06
604,24;0,0000019;4,26108E-06
604,77;0,0000019;4,25433E-06
605,32;0,0000019;4,24733E-06
605,85;0,0000019;4,2406E-06
606,39;0,0000019;4,23375E-06
606,97;0,0000019;4,22641E-06
607,53;0,0000019;4,21933E-06
608,10;0,0000019;4,21214E-06
608,61;0,0000019;4,20571E-06
609,17;0,0000019;4,19867E-06
609,69;0,0000019;4,19214E-06
610,25;0,0000019;4,18512E-06
610,78;0,0000019;4,17848E-06
611,32;0,0000019;4,17174E-06
611,85;0,0000019;4,16512E-06
612,39;0,0000019;4,1584E-06
612,94;0,0000019;4,15156E-06
613,49;0,0000019;4,14473E-06
614,08;0,0000019;4,13741E-06
614,64;0,0000019;4,13049E-06
615,19;0,0000019;4,12369E-06
615,74;0,0000019;4,11691E-06
616,32;0,0000019;4,10977E-06
616,86;0,0000019;4,10313E-06
617,44;0,0000019;4,09601E-06
617,97;0,0000019;4,08952E-06
618,52;0,0000019;4,08279E-06
619,03;0,0000019;4,07657E-06
619,60;0,0000019;4,06962E-06
620,17;0,0000019;4,06268E-06
620,69;0,0000019;4,05636E-06
621,27;0,0000019;4,04933E-06
621,85;0,0000019;4,0423E-06
622,38;0,0000019;4,0359E-06
622,92;0,0000019;4,02938E-06
623,46;0,0000019;4,02287E-06
624,00;0,0000019;4,01637E-06
624,58;0,0000019;4,00941E-06
625,11;0,0000019;4,00305E-06
625,67;0,0000019;3,99635E-06
626,21;0,0000019;3,98989E-06
626,75;0,0000019;3,98345E-06
627,28;0,0000019;3,97714E-06
627,86;0,0000019;3,97024E-06
628,39;0,0000019;3,96394E-06
628,92;0,0000019;3,95766E-06
629,47;0,0000019;3,95115E-06
630,00;0,0000019;3,94489E-06
630,53;0,0000019;3,93863E-06
631,11;0,0000019;3,9318E-06
631,69;0,0000019;3,92498E-06
632,25;0,0000019;3,91841E-06
632,78;0,0000019;3,9122E-06
633,33;0,0000019;3,90576E-06
633,86;0,0000019;3,89957E-06
634,42;0,0000019;3,89304E-06
634,96;0,0000019;3,88675E-06
635,50;0,0000019;4,2677E-06
636,03;0,0000019;3,87433E-06
636,58;0,0000019;3,86795E-06
637,16;0,0000019;3,86124E-06
637,67;0,0000019;4,24144E-06
638,22;0,0000019;3,84901E-06
638,77;0,0000019;4,2282E-06
639,32;0,0000019;3,83636E-06
639,85;0,0000019;4,21523E-06
640,39;0,0000019;3,82409E-06
640,96;0,0000019;4,20195E-06
641,50;0,0000019;3,81141E-06
642,07;0,0000019;3,80491E-06
642,60;0,0000019;3,79888E-06
643,13;0,0000019;4,1761E-06
643,67;0,0000019;3,78674E-06
644,25;0,0000019;3,78017E-06
644,80;0,0000019;4,15632E-06
645,35;0,0000019;4,14982E-06
645,91;0,0000019;4,14322E-06
646,42;0,0000019;4,13722E-06
646,99;0,0000019;4,13052E-06
647,50;0,0000019;4,12453E-06
648,02;0,0000019;4,11844E-06
648,55;0,0000019;4,11224E-06
649,11;0,0000019;4,10569E-06
649,64;0,0000019;4,09951E-06
650,17;0,0000019;4,09334E-06
650,72;0,0000019;4,08694E-06
651,30;0,0000019;4,08021E-06
651,82;0,0000019;4,07418E-06
652,38;0,0000019;4,06769E-06
652,96;0,0000019;4,06099E-06
653,47;0,0000019;4,05511E-06
654,03;0,0000019;4,04865E-06
654,55;0,0000019;4,04267E-06
655,07;0,0000019;4,0367E-06
655,61;0,0000019;4,03051E-06
656,19;0,0000018;3,62761E-06
656,72;0,0000019;4,01781E-06
657,24;0,0000019;4,01187E-06
657,77;0,0000019;4,00583E-06
658,30;0,0000019;3,9998E-06
658,85;0,0000019;3,99354E-06
659,36;0,0000019;3,98776E-06
659,91;0,0000019;3,98153E-06
660,49;0,0000019;3,97496E-06
661,02;0,0000019;3,96898E-06
661,57;0,0000018;3,5695E-06
662,10;0,0000019;3,95681E-06
662,64;0,0000019;3,95074E-06
663,16;0,0000018;3,55251E-06
663,75;0,0000019;3,93829E-06
664,32;0,0000019;3,93191E-06
664,86;0,0000018;3,53443E-06
665,39;0,0000019;3,91997E-06
665,91;0,0000019;3,91417E-06
666,47;0,0000019;3,90795E-06
667,07;0,0000019;3,90128E-06
667,58;0,0000019;3,89563E-06
668,14;0,0000019;3,88943E-06
668,72;0,0000019;3,88302E-06
669,24;0,0000019;3,87729E-06
669,80;0,0000019;3,87112E-06
670,33;0,0000018;3,47687E-06
670,88;0,0000019;3,85925E-06
671,44;0,0000018;3,46531E-06
671,99;0,0000018;3,45959E-06
672,55;0,0000018;3,45378E-06
673,08;0,0000018;3,44829E-06
673,61;0,0000019;3,82941E-06
674,13;0,0000018;3,43744E-06
674,66;0,0000019;3,81799E-06
675,24;0,0000019;3,8117E-06
675,74;0,0000018;3,42087E-06
676,28;0,0000019;3,80044E-06
676,85;0,0000018;3,40949E-06
677,38;0,0000018;3,40407E-06
677,91;0,0000018;3,39866E-06
678,46;0,0000018;3,39306E-06
679,00;0,0000018;3,38756E-06
679,53;0,0000018;3,38218E-06
680,07;0,0000018;3,3767E-06
680,63;0,0000018;3,37103E-06
681,21;0,0000018;3,36517E-06
681,74;0,0000018;3,35982E-06
682,28;0,0000018;3,35438E-06
682,80;0,0000018;3,34915E-06
683,36;0,0000018;3,34352E-06
683,94;0,0000018;3,33771E-06
684,47;0,0000018;3,3324E-06
685,00;0,0000018;3,3271E-06
685,53;0,0000018;3,32182E-06
686,08;0,0000018;3,31634E-06
686,60;0,0000018;3,31116E-06
687,13;0,0000018;3,3059E-06
687,69;0,0000018;3,30035E-06
688,22;0,0000018;3,2951E-06
688,75;0,0000018;3,28987E-06
689,30;0,0000018;3,28444E-06
689,83;0,0000018;3,27922E-06
690,35;0,0000018;3,2741E-06
690,91;0,0000018;3,26861E-06
691,44;0,0000018;3,26341E-06
691,99;0,0000018;3,25803E-06
692,55;0,0000018;3,25256E-06
693,08;0,0000018;3,24739E-06
693,64;0,0000018;3,24193E-06
694,22;0,0000018;3,23629E-06
694,77;0,0000018;3,60579E-06
695,32;0,0000018;3,22563E-06
695,82;0,0000018;3,59504E-06
696,35;0,0000018;3,21567E-06
696,88;0,0000018;3,58422E-06
697,42;0,0000018;3,20536E-06
697,96;0,0000018;3,20017E-06
698,47;0,0000018;3,19527E-06
699,02;0,0000018;3,56248E-06
699,58;0,0000018;3,18465E-06
700,10;0,0000018;3,55156E-06
700,66;0,0000018;3,17434E-06
701,17;0,0000018;3,54077E-06
701,69;0,0000018;3,16454E-06
702,24;0,0000018;3,53001E-06
702,77;0,0000018;3,5247E-06
703,32;0,0000018;3,51919E-06
703,85;0,0000018;3,51389E-06
704,39;0,0000018;3,139E-06
704,94;0,0000018;3,13382E-06
705,47;0,0000018;3,49774E-06
705,99;0,0000018;3,49257E-06
706,55;0,0000018;3,11871E-06
707,13;0,0000018;3,48127E-06
707,66;0,0000018;3,47603E-06
708,21;0,0000018;3,47059E-06
708,72;0,0000018;3,46556E-06
709,28;0,0000018;3,46005E-06
709,82;0,0000018;3,45474E-06
710,36;0,0000018;3,44944E-06
710,89;0,0000018;3,44425E-06
711,41;0,0000018;3,43916E-06
711,94;0,0000018;3,43398E-06
712,49;0,0000018;3,42861E-06
713,02;0,0000018;3,42345E-06
713,57;0,0000018;3,4181E-06
714,11;0,0000018;3,41286E-06
714,67;0,0000018;3,40743E-06
715,21;0,0000018;3,4022E-06
715,77;0,0000018;3,39678E-06
716,32;0,0000018;3,39148E-06
716,86;0,0000018;3,38627E-06
717,46;0,0000018;3,3805E-06
718,02;0,0000018;3,37512E-06
718,53;0,0000018;3,37023E-06
719,10;0,0000018;3,36477E-06
719,64;0,0000018;3,35961E-06
720,17;0,0000018;3,35455E-06
720,75;0,0000018;3,34902E-06
721,28;0,0000018;3,34398E-06
721,85;0,0000018;3,33856E-06
722,36;0,0000018;3,33373E-06
722,88;0,0000018;3,3288E-06
723,41;0,0000018;3,32379E-06
723,99;0,0000018;3,31831E-06
724,50;0,0000018;3,3135E-06
725,07;0,0000018;3,30814E-06
725,58;0,0000018;3,30334E-06
726,14;0,0000018;3,29809E-06
726,66;0,0000018;3,29321E-06
727,22;0,0000018;3,28797E-06
727,77;0,0000018;3,28284E-06
728,33;0,0000018;3,27761E-06
728,85;0,0000018;3,27277E-06
729,42;0,0000018;3,26747E-06
730,02;0,0000018;3,2619E-06
730,58;0,0000018;3,25671E-06
731,10;0,0000018;3,2519E-06
731,66;0,0000018;3,24672E-06
732,21;0,0000018;3,24165E-06
732,75;0,0000018;3,23668E-06
733,33;0,0000018;3,23134E-06
733,85;0,0000018;3,22657E-06
734,41;0,0000018;3,22144E-06
734,92;0,0000018;3,21677E-06
735,46;0,0000018;3,21183E-06
735,99;0,0000018;3,20699E-06
736,50;0,0000018;3,20235E-06
737,07;0,0000018;3,19716E-06
737,64;0,0000018;3,19198E-06
738,17;0,0000018;3,18718E-06
738,72;0,0000018;3,1822E-06
739,25;0,0000018;3,1774E-06
739,80;0,0000018;3,17244E-06
740,36;0,0000018;3,16739E-06
740,92;0,0000018;3,16235E-06
741,44;0,0000018;3,15768E-06
742,00;0,0000018;3,15266E-06
742,55;0,0000018;3,14773E-06
743,08;0,0000018;3,14299E-06
743,60;0,0000018;3,13834E-06
744,14;0,0000018;3,13353E-06
744,67;0,0000018;3,12881E-06
745,22;0,0000018;3,12392E-06
745,74;0,0000018;3,11931E-06
746,30;0,0000018;3,11434E-06
746,82;0,0000018;3,10974E-06
747,41;0,0000018;3,10453E-06
747,97;0,0000018;3,09959E-06
748,49;0,0000018;3,09501E-06
749,05;0,0000018;3,09009E-06
749,60;0,0000018;3,08526E-06
750,11;0,0000018;3,08079E-06
750,64;0,0000018;3,07615E-06
751,21;0,0000018;3,07116E-06
751,74;0,0000018;3,06654E-06
752,28;0,0000018;3,06183E-06
752,82;0,0000018;3,05714E-06
753,35;0,0000018;3,05253E-06
753,86;0,0000018;3,04811E-06
754,46;0,0000018;3,04291E-06
755,03;0,0000018;3,03799E-06
755,57;0,0000018;3,03332E-06
756,10;0,0000018;3,02876E-06
756,64;0,0000018;3,02411E-06
757,17;0,0000018;3,01956E-06
757,69;0,0000018;3,01509E-06
758,25;0,0000018;3,0103E-06
758,78;0,0000018;3,00576E-06
759,33;0,0000018;3,00107E-06
759,86;0,0000018;2,99655E-06
760,42;0,0000018;2,99178E-06
760,94;0,0000018;2,98736E-06
761,50;0,0000018;2,98261E-06
762,08;0,0000018;2,97769E-06
762,61;0,0000018;2,97321E-06
763,16;0,0000018;2,96856E-06
763,69;0,0000018;2,96409E-06
764,24;0,0000018;2,95946E-06
764,77;0,0000018;2,955E-06
765,32;0,0000018;2,95038E-06
765,88;0,0000018;2,94569E-06
766,41;0,0000018;2,94125E-06
766,94;0,0000018;2,93682E-06
767,49;0,0000018;2,93224E-06
768,00;0,0000018;2,92799E-06
768,55;0,0000018;2,92341E-06
769,10;0,0000018;2,91884E-06
769,66;0,0000018;2,9142E-06
770,21;0,0000018;2,90964E-06
770,74;0,0000018;2,90526E-06
771,25;0,0000018;2,90105E-06
771,82;0,0000018;2,89635E-06
772,33;0,0000018;2,89216E-06
772,89;0,0000018;2,88756E-06
773,41;0,0000018;3,25802E-06
773,96;0,0000018;2,87878E-06
774,49;0,0000018;2,87445E-06
775,03;0,0000018;2,87004E-06
775,55;0,0000018;2,8658E-06
776,10;0,0000018;2,86132E-06
776,63;0,0000018;2,85701E-06
777,17;0,0000018;2,85263E-06
777,72;0,0000018;3,22053E-06
778,28;0,0000018;2,84364E-06
778,83;0,0000018;2,83919E-06
779,35;0,0000018;2,835E-06
779,88;0,0000018;2,83073E-06
780,44;0,0000018;2,82623E-06
780,97;0,0000018;2,82197E-06
781,52;0,0000018;2,81756E-06
782,05;0,0000018;2,81332E-06
782,58;0,0000018;2,80908E-06
783,13;0,0000018;2,80469E-06
783,67;0,0000018;2,80039E-06
784,19;0,0000018;2,79625E-06
784,75;0,0000018;2,7918E-06
785,27;0,0000018;2,78768E-06
785,85;0,0000017;2,44026E-06
786,42;0,0000018;2,77858E-06
787,00;0,0000018;2,774E-06
787,52;0,0000018;2,7699E-06
788,08;0,0000018;3,13216E-06
788,60;0,0000018;2,7614E-06
789,16;0,0000018;3,12309E-06
789,67;0,0000018;2,75302E-06
790,24;0,0000018;3,11405E-06
790,82;0,0000018;2,74403E-06
791,35;0,0000018;3,10478E-06
791,89;0,0000018;2,73569E-06
792,42;0,0000018;3,09587E-06
792,97;0,0000018;2,7273E-06
793,53;0,0000018;2,72296E-06
794,08;0,0000018;2,71871E-06
794,61;0,0000018;3,07772E-06
795,14;0,0000018;2,71053E-06
795,69;0,0000018;3,0688E-06
796,22;0,0000018;2,70222E-06
796,74;0,0000018;3,06016E-06
797,28;0,0000018;2,69408E-06
797,83;0,0000018;3,05122E-06
798,39;0,0000018;3,04663E-06
798,91;0,0000018;3,04238E-06
799,47;0,0000018;3,03781E-06
800,02;0,0000018;3,03332E-06
800,57;0,0000018;3,02885E-06
801,16;0,0000018;3,02405E-06
801,74;0,0000018;3,01935E-06
802,27;0,0000018;3,01505E-06
802,82;0,0000018;3,0106E-06
803,39;0,0000018;3,006E-06
803,91;0,0000018;3,0018E-06
804,47;0,0000018;2,99729E-06
804,99;0,0000018;2,99311E-06
805,55;0,0000018;2,98861E-06
806,07;0,0000018;2,98444E-06
806,58;0,0000018;2,98036E-06
807,13;0,0000018;2,97596E-06
807,66;0,0000018;2,97172E-06
808,21;0,0000018;2,96734E-06
808,74;0,0000018;2,60771E-06
809,27;0,0000018;2,9589E-06
809,82;0,0000018;2,95454E-06
810,35;0,0000018;2,95033E-06
810,89;0,0000018;2,94606E-06
811,46;0,0000018;2,94155E-06
812,02;0,0000018;2,93713E-06
812,53;0,0000018;2,93311E-06
813,10;0,0000018;2,92863E-06
813,61;0,0000017;2,57185E-06
814,13;0,0000018;2,92054E-06
814,67;0,0000018;2,9163E-06
815,22;0,0000018;2,912E-06
815,75;0,0000018;2,90786E-06
816,30;0,0000018;2,90357E-06
816,83;0,0000018;2,89944E-06
817,38;0,0000018;2,89516E-06
817,91;0,0000018;2,89104E-06
818,46;0,0000018;2,88677E-06
819,00;0,0000018;2,88259E-06
819,55;0,0000018;2,87833E-06
820,08;0,0000018;2,87424E-06
820,66;0,0000018;2,86977E-06
821,17;0,0000018;2,86584E-06
821,71;0,0000018;2,86169E-06
822,27;0,0000018;2,85739E-06
822,80;0,0000018;2,85332E-06
823,35;0,0000018;2,84911E-06
823,88;0,0000018;2,84506E-06
824,46;0,0000018;2,84063E-06
824,97;0,0000018;2,83674E-06
825,55;0,0000018;2,83233E-06
826,10;0,0000018;2,82815E-06
826,63;0,0000018;2,82413E-06
827,21;0,0000018;2,81973E-06
827,72;0,0000018;2,81587E-06
828,25;0,0000018;2,81187E-06
828,80;0,0000018;2,80772E-06
829,35;0,0000018;2,80357E-06
829,92;0,0000018;2,79928E-06
830,47;0,0000018;2,79515E-06
831,05;0,0000018;2,7908E-06
831,64;0,0000018;2,78638E-06
832,22;0,0000018;2,78205E-06
832,75;0,0000018;2,77809E-06
833,30;0,0000018;2,77399E-06
833,88;0,0000018;2,76967E-06
834,42;0,0000018;2,76566E-06
834,97;0,0000018;2,76158E-06
835,50;0,0000018;2,75765E-06
836,05;0,0000018;2,75358E-06
836,57;0,0000017;2,40931E-06
837,11;0,0000018;2,74575E-06
837,66;0,0000018;2,7417E-06
838,22;0,0000018;2,73758E-06
838,74;0,0000018;2,73376E-06
839,30;0,0000018;2,72965E-06
839,82;0,0000018;2,72584E-06
840,38;0,0000018;2,72175E-06
840,89;0,0000018;2,71802E-06
841,46;0,0000018;2,71386E-06
841,99;0,0000018;2,71E-06
842,52;0,0000018;2,70615E-06
843,07;0,0000018;2,70215E-06
843,60;0,0000018;2,69831E-06
844,11;0,0000018;2,69462E-06
844,66;0,0000018;2,69064E-06
845,21;0,0000018;2,68667E-06
845,77;0,0000018;2,68263E-06
846,28;0,0000018;2,67896E-06
846,85;0,0000018;2,67486E-06
847,39;0,0000018;2,67099E-06
847,91;0,0000018;2,66726E-06
848,44;0,0000018;2,66347E-06
849,00;0,0000017;2,32564E-06
849,53;0,0000017;2,32214E-06
850,07;0,0000018;2,65183E-06
850,61;0,0000018;2,64799E-06
851,14;0,0000018;2,64422E-06
851,69;0,0000018;2,64032E-06
852,24;0,0000018;2,63642E-06
852,78;0,0000018;2,6326E-06
853,33;0,0000018;2,62872E-06
853,89;0,0000017;2,29352E-06
854,47;0,0000018;2,62068E-06
855,00;0,0000018;2,61696E-06
855,55;0,0000017;2,28272E-06
856,08;0,0000017;2,27929E-06
856,61;0,0000018;2,60567E-06
857,16;0,0000018;2,60182E-06
857,69;0,0000017;2,26888E-06
858,24;0,0000018;2,59428E-06
858,77;0,0000018;2,59059E-06
859,28;0,0000017;2,25864E-06
859,85;0,0000018;2,58309E-06
860,41;0,0000018;2,57921E-06
860,96;0,0000017;2,24788E-06
861,53;0,0000018;2,57146E-06
862,13;0,0000018;2,56732E-06
862,71;0,0000018;2,56333E-06
863,24;0,0000018;2,55968E-06
863,78;0,0000017;2,22992E-06
864,30;0,0000017;2,22663E-06
864,86;0,0000018;2,54857E-06
865,44;0,0000017;2,21942E-06
865,96;0,0000017;2,21614E-06
866,47;0,0000017;2,21293E-06
867,03;0,0000017;2,20941E-06
867,55;0,0000018;2,53023E-06
868,11;0,0000017;2,20264E-06
868,67;0,0000017;2,19913E-06
869,21;0,0000017;2,19576E-06
869,74;0,0000017;2,19245E-06
870,25;0,0000017;2,18928E-06
870,82;0,0000017;2,18573E-06
871,33;0,0000017;2,18256E-06
871,85;0,0000017;2,17934E-06
872,39;0,0000017;2,17599E-06
872,97;0,0000017;2,17241E-06
873,52;0,0000017;2,16901E-06
874,07;0,0000018;2,48631E-06
874,58;0,0000017;2,16249E-06
875,14;0,0000017;2,15905E-06
875,67;0,0000017;2,15579E-06
876,22;0,0000017;2,15242E-06
876,75;0,0000017;2,14918E-06
877,30;0,0000017;2,14583E-06
877,82;0,0000017;2,14265E-06
878,38;0,0000017;2,13925E-06
878,89;0,0000017;2,13615E-06
879,46;0,0000017;2,13269E-06
879,99;0,0000017;2,12947E-06
880,53;0,0000017;2,12621E-06
881,07;0,0000017;2,12295E-06
881,63;0,0000017;2,11957E-06
882,17;0,0000017;2,11632E-06
882,69;0,0000017;2,11319E-06
883,24;0,0000017;2,10989E-06
883,78;0,0000017;2,10665E-06
884,35;0,0000017;2,10324E-06
884,89;0,0000017;2,10001E-06
885,42;0,0000017;2,09685E-06
885,94;0,0000017;2,09375E-06
886,52;0,0000017;2,0903E-06
887,10;0,0000017;2,08686E-06
887,61;0,0000017;2,08383E-06
888,17;0,0000017;2,08052E-06
888,72;0,0000017;2,07726E-06
889,25;0,0000017;2,07414E-06
889,80;0,0000017;2,07089E-06
890,36;0,0000017;2,0676E-06
890,92;0,0000017;2,06431E-06
891,44;0,0000017;2,06126E-06
891,99;0,0000017;2,05804E-06
892,55;0,0000017;2,05476E-06
893,08;0,0000017;2,05167E-06
893,63;0,0000017;2,04846E-06
894,16;0,0000017;2,04538E-06
894,69;0,0000017;2,0423E-06
895,24;0,0000017;2,03911E-06
895,78;0,0000017;2,03598E-06
896,36;0,0000017;2,03262E-06
896,91;0,0000017;2,02945E-06
897,44;0,0000017;2,02639E-06
897,99;0,0000017;2,02323E-06
898,52;0,0000017;2,02018E-06
899,07;0,0000017;2,01702E-06
899,60;0,0000017;2,01398E-06
900,11;0,0000017;2,01107E-06
900,67;0,0000017;2,00787E-06
901,22;0,0000017;2,00473E-06
901,74;0,0000017;2,00177E-06
902,28;0,0000017;1,99869E-06
902,82;0,0000017;1,99563E-06
903,36;0,0000017;1,99257E-06
903,89;0,0000017;1,98957E-06
904,44;0,0000017;1,98646E-06
905,00;0,0000017;1,9833E-06
905,53;0,0000017;1,98031E-06
906,07;0,0000017;1,97727E-06
906,61;0,0000017;1,97424E-06
907,13;0,0000017;1,97132E-06
907,69;0,0000017;1,96818E-06
908,22;0,0000017;1,96522E-06
908,77;0,0000017;1,96215E-06
909,28;0,0000017;1,95931E-06
909,80;0,0000017;1,95641E-06
910,33;0,0000017;1,95346E-06
910,86;0,0000017;1,95052E-06
911,41;0,0000017;1,94747E-06
911,92;0,0000017;1,94465E-06
912,47;0,0000017;1,94161E-06
913,05;0,0000017;1,93841E-06
913,58;0,0000017;2,25508E-06
914,13;0,0000017;1,93247E-06
914,66;0,0000017;1,92956E-06
915,21;0,0000017;1,92655E-06
915,74;0,0000017;1,92364E-06
916,28;0,0000017;1,92069E-06
916,85;0,0000017;1,91758E-06
917,38;0,0000017;1,91469E-06
917,92;0,0000017;1,91176E-06
918,46;0,0000017;1,90882E-06
918,97;0,0000017;1,90606E-06
919,57;0,0000017;1,90281E-06
920,14;0,0000017;1,89973E-06
920,72;0,0000017;1,8966E-06
921,30;0,0000017;1,89347E-06
921,82;0,0000017;1,89067E-06
922,36;0,0000017;1,88777E-06
922,89;0,0000017;1,88493E-06
923,44;0,0000017;1,88198E-06
924,00;0,0000017;1,87899E-06
924,55;0,0000017;1,87605E-06
925,11;0,0000017;1,87307E-06
925,64;0,0000017;1,87025E-06
926,22;0,0000017;1,86717E-06
926,75;0,0000017;1,86435E-06
927,30;0,0000017;1,86144E-06
927,82;0,0000017;1,85869E-06
928,38;0,0000017;1,85573E-06
928,97;0,0000017;1,85262E-06
929,55;0,0000017;1,84957E-06
930,07;0,0000017;1,84684E-06
930,61;0,0000017;1,844E-06
931,16;0,0000017;1,84112E-06
931,71;0,0000017;1,83824E-06
932,24;0,0000017;1,83548E-06
932,78;0,0000017;1,83266E-06
933,35;0,0000017;1,82969E-06
933,89;0,0000017;1,82689E-06
934,47;0,0000017;1,82387E-06
934,99;0,0000017;1,82118E-06
935,57;0,0000017;1,81818E-06
936,14;0,0000017;1,81523E-06
936,72;0,0000017;1,81224E-06
937,28;0,0000017;2,11649E-06
937,82;0,0000017;1,80658E-06
938,36;0,0000017;1,80381E-06
938,89;0,0000017;1,8011E-06
939,41;0,0000017;2,10446E-06
939,96;0,0000017;1,79562E-06
940,50;0,0000017;1,79287E-06
941,03;0,0000017;1,79017E-06
941,57;0,0000017;2,09233E-06
942,11;0,0000017;1,78468E-06
942,64;0,0000017;1,78199E-06
943,19;0,0000017;1,77921E-06
943,74;0,0000017;1,77643E-06
944,30;0,0000017;1,7736E-06
944,86;0,0000017;1,77078E-06
945,39;0,0000017;1,76811E-06
945,94;0,0000017;1,76535E-06
946,46;0,0000017;1,76274E-06
947,02;0,0000017;1,75994E-06
947,58;0,0000017;2,05895E-06
948,11;0,0000017;1,75449E-06
948,66;0,0000017;1,75175E-06
949,19;0,0000017;1,74911E-06
949,74;0,0000017;1,74638E-06
950,25;0,0000017;1,74385E-06
950,82;0,0000017;1,74102E-06
951,41;0,0000017;1,7381E-06
951,94;0,0000017;2,03507E-06
952,49;0,0000017;1,73277E-06
953,00;0,0000017;2,0293E-06
953,57;0,0000017;1,72746E-06
954,10;0,0000017;2,02334E-06
954,63;0,0000017;1,72226E-06
955,17;0,0000017;2,01755E-06
955,72;0,0000017;1,71693E-06
