5640,25;7,64348E-05
5640,78;7,64348E-05
5641,36;7,73448E-05
5641,89;7,64348E-05
5642,45;7,73448E-05
5643,03;7,73448E-05
5643,61;7,64348E-05
5644,13;7,73448E-05
5644,69;7,73448E-05
5645,27;7,73448E-05
5645,8;7,64348E-05
5646,34;7,73448E-05
5646,86;7,64348E-05
5647,38;7,73448E-05
5647,94;7,64348E-05
5648,5;7,73449E-05
5649,03;7,64348E-05
5649,58;7,73449E-05
5650,13;7,64348E-05
5650,7;7,73449E-05
5651,3;7,73449E-05
5651,86;7,64349E-05
5652,38;7,73449E-05
5652,94;7,64349E-05
5653,45;7,73449E-05
5654;7,64349E-05
5654,58;7,73449E-05
5655,09;7,64349E-05
5655,66;7,73449E-05
5656,2;7,64349E-05
5656,75;7,73449E-05
5657,31;7,73449E-05
5657,84;7,73449E-05
5658,38;7,64349E-05
5658,92;7,73449E-05
5659,45;7,73449E-05
5660,03;7,73449E-05
5660,61;7,73449E-05
5661,14;7,64349E-05
5661,67;7,73449E-05
5662,2;7,73449E-05
5662,75;7,73449E-05
5663,27;7,7345E-05
5663,83;7,73449E-05
5664,42;7,64349E-05
5664,94;7,73449E-05
5665,5;7,6435E-05
5666,08;7,7345E-05
5666,59;7,6435E-05
5667,16;7,7345E-05
5667,69;7,6435E-05
5668,23;7,7345E-05
5668,77;7,6435E-05
5669,31;7,7345E-05
5669,84;7,6435E-05
5670,39;7,7345E-05
5670,94;7,6435E-05
5671,48;7,6435E-05
5672,02;7,6435E-05
5672,59;7,6435E-05
5673,11;7,6435E-05
5673,66;7,6435E-05
5674,2;7,7345E-05
5674,73;7,6435E-05
5675,28;7,6435E-05
5675,81;7,6435E-05
5676,36;7,6435E-05
5676,89;7,6435E-05
5677,42;7,6435E-05
5677,98;7,7345E-05
5678,56;7,7345E-05
5679,11;7,7345E-05
5679,64;7,7345E-05
5680,16;7,7345E-05
5680,72;7,7345E-05
5681,3;7,6435E-05
5681,89;7,7345E-05
5682,41;7,6435E-05
5682,97;7,7345E-05
5683,5;7,64351E-05
5684,05;7,73451E-05
5684,56;7,64351E-05
5685,08;7,73451E-05
5685,61;7,73451E-05
5686,13;7,73451E-05
5686,69;7,64351E-05
5687,2;7,73451E-05
5687,77;7,64351E-05
5688,3;7,73451E-05
5688,84;7,64351E-05
5689,38;7,73451E-05
5689,92;7,73451E-05
5690,5;7,64351E-05
5691,03;7,64351E-05
5691,59;7,64351E-05
5692,13;7,64351E-05
5692,67;7,64351E-05
5693,2;7,64351E-05
5693,75;7,73451E-05
5694,28;7,64351E-05
5694,84;7,64351E-05
5695,39;7,64351E-05
5695,92;7,64351E-05
5696,45;7,64351E-05
5697;7,73451E-05
5697,58;7,73451E-05
5698,16;7,64351E-05
5698,67;7,73451E-05
5699,22;7,64352E-05
5699,75;7,73451E-05
5700,28;7,64352E-05
5700,83;7,73452E-05
5701,36;7,73452E-05
5701,88;7,73452E-05
5702,44;7,64352E-05
5702,97;7,73452E-05
5703,53;7,64352E-05
5704,05;7,73452E-05
5704,61;7,73452E-05
5705,13;7,73452E-05
5705,69;7,64352E-05
5706,27;7,73452E-05
5706,8;7,64352E-05
5707,34;7,73452E-05
5707,88;7,64352E-05
5708,42;7,73452E-05
5708,98;7,64352E-05
5709,52;7,64352E-05
5710,06;7,64352E-05
5710,59;7,64352E-05
5711,13;7,64352E-05
5711,67;7,64352E-05
5712,2;7,64352E-05
5712,77;7,64352E-05
5713,31;7,64352E-05
5713,84;7,64352E-05
5714,39;7,73452E-05
5714,92;7,64352E-05
5715,44;7,64352E-05
5716;7,64352E-05
5716,53;7,64352E-05
5717,08;7,64352E-05
5717,59;7,64352E-05
5718,14;7,64352E-05
5718,67;7,64352E-05
5719,23;7,73453E-05
5719,77;7,64353E-05
5720,33;7,64353E-05
5720,89;7,64353E-05
5721,41;7,64353E-05
5721,97;7,73453E-05
5722,48;7,64353E-05
5723,06;7,73453E-05
5723,64;7,73453E-05
5724,16;7,64353E-05
5724,72;7,64353E-05
5725,27;7,73453E-05
5725,8;7,73453E-05
5726,31;7,73453E-05
5726,88;7,64353E-05
5727,41;7,64353E-05
5727,95;7,64353E-05
5728,48;7,64353E-05
5729,03;7,64353E-05
5729,61;7,73453E-05
5730,16;7,64353E-05
5730,73;7,64353E-05
5731,28;7,64353E-05
5731,81;7,64353E-05
5732,33;7,64353E-05
5732,89;7,73453E-05
5733,42;7,64353E-05
5733,97;7,64353E-05
5734,56;7,73453E-05
5735,14;7,64354E-05
5735,66;7,73453E-05
5736,22;7,64353E-05
5736,73;7,64353E-05
5737,28;7,64353E-05
5737,83;7,73453E-05
5738,38;7,64353E-05
5738,91;7,64354E-05
5739,45;7,64354E-05
5740,03;7,64354E-05
5740,55;7,64354E-05
5741,11;7,64354E-05
5741,66;7,64354E-05
5742,2;7,73454E-05
5742,77;7,64354E-05
5743,3;7,64354E-05
5743,83;7,64354E-05
5744,38;7,64354E-05
5744,91;7,64354E-05
5745,45;7,64354E-05
5745,98;7,64354E-05
5746,52;7,64354E-05
5747,06;7,64354E-05
5747,59;7,64354E-05
5748,13;7,64354E-05
5748,7;7,73454E-05
5749,22;7,64354E-05
5749,75;7,64354E-05
5750,3;7,64354E-05
5750,84;7,64354E-05
5751,39;7,64354E-05
5751,92;7,64354E-05
5752,5;7,64354E-05
5753,03;7,64354E-05
5753,59;7,73454E-05
5754,14;7,64354E-05
5754,67;7,73454E-05
5755,22;7,64354E-05
5755,75;7,64354E-05
5756,27;7,73454E-05
5756,83;7,64354E-05
5757,36;7,64354E-05
5757,91;7,64354E-05
5758,42;7,64354E-05
5759;7,64355E-05
5759,58;7,64355E-05
5760,09;7,64355E-05
5760,66;7,64355E-05
5761,19;7,64355E-05
5761,73;7,64355E-05
5762,27;7,64355E-05
5762,81;7,64355E-05
5763,39;7,64355E-05
5763,92;7,64355E-05
5764,48;7,64355E-05
5765,02;7,64355E-05
5765,59;7,64355E-05
5766,11;7,64355E-05
5766,64;7,64355E-05
5767,2;7,64355E-05
5767,73;7,64355E-05
5768,28;7,64355E-05
5768,81;7,64355E-05
5769,34;7,64355E-05
5769,89;7,64355E-05
5770,41;7,64355E-05
5770,97;7,64355E-05
5771,55;7,64355E-05
5772,06;7,64355E-05
5772,61;7,64355E-05
5773,14;7,64355E-05
5773,66;7,64355E-05
5774,22;7,64355E-05
5774,8;7,64355E-05
5775,36;7,64355E-05
5775,89;7,64355E-05
5776,45;7,64355E-05
5776,98;7,64355E-05
5777,53;7,64355E-05
5778,08;7,73455E-05
5778,61;7,64355E-05
5779,13;7,64355E-05
5779,69;7,64355E-05
5780,2;7,64355E-05
5780,77;7,64355E-05
5781,28;7,73455E-05
5781,84;7,64355E-05
5782,36;7,73455E-05
5782,91;7,64355E-05
5783,45;7,64355E-05
5784;7,64355E-05
5784,53;7,64355E-05
5785,09;7,64355E-05
5785,66;7,64355E-05
5786,17;7,64355E-05
5786,7;7,73455E-05
5787,23;7,64355E-05
5787,78;7,64355E-05
5788,31;7,64355E-05
5788,83;7,64355E-05
5789,39;7,64355E-05
5789,92;7,64355E-05
5790,45;7,64355E-05
5791;7,64355E-05
5791,53;7,64355E-05
5792,08;7,64355E-05
5792,61;7,64355E-05
5793,13;7,64355E-05
5793,69;7,64355E-05
5794,22;7,64355E-05
5794,78;7,64355E-05
5795,3;7,73455E-05
5795,86;7,64355E-05
5796,38;7,73455E-05
5796,94;7,64355E-05
5797,52;7,64355E-05
5798,05;7,64355E-05
5798,59;7,64355E-05
5799,13;7,64355E-05
5799,67;7,64355E-05
5800,23;7,64355E-05
5800,77;7,64355E-05
5801,3;7,64355E-05
5801,84;7,64355E-05
5802,38;7,64355E-05
5802,92;7,64355E-05
5803,47;7,64355E-05
5804,02;7,64355E-05
5804,56;7,64355E-05
5805,09;7,64355E-05
5805,64;7,64355E-05
5806,17;7,64355E-05
5806,69;7,64356E-05
5807,25;7,64355E-05
5807,81;7,64356E-05
5808,36;7,64356E-05
5808,92;7,64356E-05
5809,5;7,64356E-05
5810,03;7,64356E-05
5810,58;7,64356E-05
5811,11;7,64356E-05
5811,67;7,64356E-05
5812,25;7,64356E-05
5812,77;7,64356E-05
5813,33;7,64356E-05
5813,86;7,64356E-05
5814,41;7,64356E-05
5814,94;7,64356E-05
5815,48;7,64356E-05
5816,03;7,64356E-05
5816,58;7,64356E-05
5817,13;7,64356E-05
5817,66;7,64356E-05
5818,19;7,64356E-05
5818,77;7,64356E-05
5819,28;7,64356E-05
5819,81;7,64356E-05
5820,34;7,64356E-05
5820,91;7,64356E-05
5821,45;7,64356E-05
5821,98;7,64356E-05
5822,52;7,64356E-05
5823,06;7,64356E-05
5823,58;7,64356E-05
5824,14;7,64356E-05
5824,7;7,64356E-05
5825,25;7,64356E-05
5825,81;7,64356E-05
5826,39;7,64356E-05
5826,92;7,64356E-05
5827,47;7,64356E-05
5827,98;7,64356E-05
5828,53;7,64356E-05
5829,08;7,64356E-05
5829,63;7,64356E-05
5830,16;7,64356E-05
5830,7;7,64356E-05
5831,25;7,64356E-05
5831,78;7,64356E-05
5832,3;7,64356E-05
5832,86;7,64356E-05
5833,44;7,64356E-05
5833,95;7,64356E-05
5834,52;7,64356E-05
5835,05;7,64357E-05
5835,59;7,64356E-05
5836,16;7,64357E-05
5836,7;7,64357E-05
5837,23;7,64357E-05
5837,8;7,64357E-05
5838,33;7,64357E-05
5838,88;7,64357E-05
5839,41;7,64357E-05
5839,95;7,64357E-05
5840,47;7,64357E-05
5841;7,64357E-05
5841,56;7,64357E-05
5842,09;7,64357E-05
5842,63;7,64357E-05
5843,17;7,64357E-05
5843,7;7,64357E-05
5844,25;7,64357E-05
5844,77;7,64357E-05
5845,31;7,64357E-05
5845,86;7,64357E-05
5846,39;7,64357E-05
5846,92;7,64357E-05
5847,5;7,64357E-05
5848,02;7,64357E-05
5848,55;7,64357E-05
5849,09;7,64357E-05
5849,64;7,64357E-05
5850,17;7,64357E-05
5850,72;7,64357E-05
5851,25;7,64357E-05
5851,81;7,64357E-05
5852,41;7,64357E-05
5852,97;7,64357E-05
5853,48;7,64357E-05
5854,05;7,64357E-05
5854,59;7,64357E-05
5855,13;7,64357E-05
5855,64;7,64357E-05
5856,16;7,64357E-05
5856,7;7,64357E-05
5857,23;7,64357E-05
5857,8;7,73457E-05
5858,38;7,64357E-05
5858,89;7,64357E-05
5859,45;7,64357E-05
5860,03;7,64357E-05
5860,53;7,64357E-05
5861,06;7,64357E-05
5861,59;7,64357E-05
5862,14;7,64357E-05
5862,67;7,64357E-05
5863,19;7,64358E-05
5863,75;7,64357E-05
5864,28;7,64357E-05
5864,84;7,64357E-05
5865,36;7,64357E-05
5865,92;7,64358E-05
5866,44;7,64357E-05
5866,98;7,64358E-05
5867,5;7,64358E-05
5868,06;7,64358E-05
5868,58;7,64358E-05
5869,14;7,64358E-05
5869,69;7,64358E-05
5870,22;7,64358E-05
5870,73;7,64358E-05
5871,3;7,64358E-05
5871,83;7,64358E-05
5872,38;7,64358E-05
5872,91;7,64358E-05
5873,45;7,64358E-05
5874;7,64358E-05
5874,53;7,64358E-05
5876;7,64358E-05
5876,02;7,64358E-05
5876,19;7,64358E-05
5876,7;7,64358E-05
5877,28;7,64358E-05
5877,81;7,64358E-05
5878,36;7,64358E-05
5878,91;7,64358E-05
5879,45;7,64358E-05
5879,98;7,64358E-05
5880,55;7,64358E-05
5881,14;7,64358E-05
5881,7;7,64358E-05
5882,25;7,64358E-05
5882,8;7,64358E-05
5883,38;7,64358E-05
5883,92;7,64358E-05
5884,5;7,64358E-05
5885,08;7,64358E-05
5885,59;7,64358E-05
5886,16;7,64358E-05
5886,75;7,64358E-05
5887,27;7,64358E-05
5887,83;7,64358E-05
5888,34;7,64358E-05
5888,91;7,64358E-05
5889,44;7,64358E-05
5889,98;7,64358E-05
5890,5;7,64358E-05
5891,05;7,64358E-05
5891,59;7,64358E-05
5892,14;7,64358E-05
5892,67;7,64358E-05
5893,23;7,64358E-05
5893,8;7,64358E-05
5894,31;7,64358E-05
5894,88;7,64358E-05
5895,42;7,64359E-05
5896,02;7,64358E-05
5896,59;7,64358E-05
5897,13;7,64358E-05
5897,67;7,64358E-05
5898,19;7,64359E-05
5898,75;7,64359E-05
5899,31;7,64359E-05
5899,84;7,64358E-05
5900,39;7,64359E-05
5900,92;7,64359E-05
5901,47;7,64359E-05
5902;7,64359E-05
5903,23;7,64359E-05
5903,25;7,64359E-05
5903,67;7,64359E-05
5904,22;7,64359E-05
5904,73;7,64359E-05
5905,3;7,64359E-05
5905,86;7,64359E-05
5906,41;7,64359E-05
5906,94;7,64359E-05
5908,2;7,64359E-05
5908,2;7,64359E-05
5908,56;7,64359E-05
5909,13;7,64359E-05
5909,66;7,64359E-05
5910,19;7,64359E-05
5910,73;7,64359E-05
5911,31;7,64359E-05
5911,84;7,64359E-05
5912,41;7,64359E-05
5912,97;7,64359E-05
5913,48;7,64359E-05
5914,05;7,64359E-05
5914,56;7,64359E-05
5915,08;7,64359E-05
5915,61;7,64359E-05
5916,17;7,64359E-05
5916,7;7,64359E-05
5917,23;7,64359E-05
5917,78;7,64359E-05
5918,31;7,64359E-05
5918,86;7,64359E-05
5919,89;7,64359E-05
5919,94;7,64359E-05
5920,52;7,64359E-05
5921,03;7,64359E-05
5921,58;7,64359E-05
5922,11;7,64359E-05
5922,63;7,64359E-05
5923,19;7,64359E-05
5923,72;7,64359E-05
5924,27;7,64359E-05
5924,78;7,64359E-05
5925,33;7,64359E-05
5925,91;7,64359E-05
5926,42;7,64359E-05
5926,98;7,64359E-05
5927,56;7,64359E-05
5928,09;7,64359E-05
5928,64;7,64359E-05
5929,16;7,64359E-05
5929,73;7,64359E-05
5930,27;7,64359E-05
5930,84;7,64359E-05
5931,38;7,64359E-05
5931,92;7,64359E-05
5932,47;7,64359E-05
5933;7,64359E-05
5933,59;7,64359E-05
5934,17;7,64359E-05
5934,7;7,64359E-05
5935,25;7,6436E-05
5935,78;7,64359E-05
5936,33;7,64359E-05
5936,91;7,64359E-05
5937,42;7,64359E-05
5937,98;7,64359E-05
5938,52;7,6436E-05
5939,06;7,6436E-05
5939,61;7,6436E-05
5940,17;7,6436E-05
5940,69;7,6436E-05
5941,25;7,6436E-05
5941,8;7,6436E-05
5942,34;7,6436E-05
5942,94;7,6436E-05
5943,52;7,6436E-05
5944,09;7,6436E-05
5944,66;7,6436E-05
5945,22;7,6436E-05
5945,73;7,6436E-05
5946,3;7,6436E-05
5946,84;7,6436E-05
5947,38;7,6436E-05
5947,89;7,6436E-05
5948,44;7,6436E-05
5948,97;7,6436E-05
5949,52;7,6436E-05
5950,05;7,6436E-05
5950,59;7,6436E-05
5951,11;7,6436E-05
5951,67;7,6436E-05
5952,2;7,6436E-05
5952,75;7,6436E-05
5953,27;7,6436E-05
5953,81;7,6436E-05
5954,34;7,6436E-05
5954,89;7,6436E-05
5955,41;7,6436E-05
5955,95;7,6436E-05
5956,5;7,6436E-05
5957,06;7,6436E-05
5957,58;7,6436E-05
5958,14;7,6436E-05
5958,66;7,6436E-05
5959,22;7,6436E-05
5959,75;7,6436E-05
5960,3;7,6436E-05
5960,81;7,6436E-05
5961,36;7,6436E-05
5961,91;7,6436E-05
5962,44;7,6436E-05
5962,95;7,6436E-05
5963,5;7,6436E-05
5964,05;7,6436E-05
5964,61;7,6436E-05
5965,13;7,6436E-05
5965,7;7,6436E-05
5966,3;7,6436E-05
5966,88;7,6436E-05
5967,44;7,6436E-05
5967,98;7,6436E-05
5968,53;7,6436E-05
5969,09;7,6436E-05
5969,64;7,6436E-05
5970,16;7,6436E-05
5970,7;7,6436E-05
5971,23;7,6436E-05
5971,8;7,6436E-05
5972,33;7,6436E-05
5972,89;7,6436E-05
5973,47;7,64361E-05
5974,05;7,6436E-05
5974,58;7,64361E-05
5975,13;7,6436E-05
5975,7;7,6436E-05
5976,22;7,6436E-05
5976,75;7,64361E-05
5977,28;7,6436E-05
5977,83;7,6436E-05
5978,36;7,64361E-05
5978,89;7,64361E-05
5979,44;7,64361E-05
5979,97;7,64361E-05
5980,52;7,64361E-05
5981,05;7,64361E-05
5981,59;7,64361E-05
5982,17;7,64361E-05
5982,72;7,64361E-05
5983,3;7,64361E-05
5983,84;7,64361E-05
5984,38;7,64361E-05
5984,89;7,64361E-05
5985,45;7,64361E-05
5986,05;7,64361E-05
5986,56;7,64361E-05
5987,13;7,64361E-05
5987,64;7,64361E-05
5988,2;7,64361E-05
5988,72;7,64361E-05
5989,28;7,64361E-05
5989,84;7,64361E-05
5990,36;7,64361E-05
5990,92;7,64361E-05
5991,44;7,64361E-05
5992;7,64361E-05
5992,53;7,64361E-05
5993,09;7,64361E-05
5993,61;7,64361E-05
5994,17;7,64361E-05
5994,75;7,64361E-05
5995,27;7,55261E-05
5995,83;7,64361E-05
5996,36;7,64361E-05
5996,91;7,64361E-05
5997,44;7,64361E-05
5997,98;7,64361E-05
5998,52;7,64361E-05
5999,06;7,64361E-05
5999,58;7,64361E-05
6000,13;7,64361E-05
6000,64;7,64361E-05
6001,16;7,64361E-05
6001,69;7,64361E-05
6002,2;7,64361E-05
6002,77;7,64361E-05
6003,28;7,64361E-05
6003,84;7,64361E-05
6004,38;7,64361E-05
6004,92;7,64361E-05
6005,45;7,64361E-05
6006;7,64361E-05
6006,58;7,64361E-05
6007,11;7,64361E-05
6007,67;7,64361E-05
6008,2;7,64361E-05
6008,78;7,64361E-05
6009,36;7,64361E-05
6009,89;7,64361E-05
6010,42;7,64361E-05
6010,97;7,64361E-05
6011,5;7,64361E-05
6012,03;7,64361E-05
6012,58;7,64362E-05
6013,16;7,64361E-05
6013,73;7,64361E-05
6014,28;7,55261E-05
6014,83;7,64361E-05
6015,38;7,64361E-05
6015,94;7,73461E-05
6016,52;8,37159E-05
6017,05;9,28157E-05
6017,61;0,000103735
6018,19;0,000114655
6018,77;0,000124665
6019,3;0,000135585
6019,84;0,000142865
6020,38;0,000150144
6020,92;0,000157424
6021,45;0,000162884
6022;0,000167434
6022,52;0,000170164
6023,08;0,000173804
6023,59;0,000176534
6024,16;0,000178354
6024,67;0,000180174
6025,23;0,000181994
6025,75;0,000182904
6026,31;0,000184724
6026,84;0,000185634
6027,39;0,000185634
6027,92;0,000185634
6028,47;0,000186544
6029;0,000187454
6029,55;0,000187454
6030,08;0,000187454
6030,64;0,000188364
6031,17;0,000188364
6031,72;0,000188364
6032,25;0,000188364
6032,8;0,000189274
6033,36;0,000189274
6033,91;0,000189274
6034,47;0,000189274
6035,05;0,000188364
6035,56;0,000189274
6036,13;0,000189274
6036,7;0,000189274
6037,23;0,000189274
6037,78;0,000189274
6038,3;0,000188364
6038,81;0,000189274
6039,34;0,000188364
6039,89;0,000189274
6040,44;0,000188364
6041,02;0,000189274
6041,56;0,000189274
6042,14;0,000189274
6042,73;0,000189274
6043,31;0,000189274
6043,84;0,000189274
6044,39;0,000188364
6044,97;0,000189274
6045,53;0,000189274
6046,06;0,000189274
6046,61;0,000189274
6047,14;0,000189274
6047,66;0,000189274
6048,2;0,000189274
6048,75;0,000192913
6049,28;0,000201103
6049,81;0,000209293
6050,36;0,000219303
6050,89;0,000228403
6051,45;0,000235682
6052,05;0,000242962
6052,61;0,000248422
6053,16;0,000252062
6053,7;0,000255702
6054,23;0,000258432
6054,78;0,000260252
6055,36;0,000262072
6055,91;0,000263892
6056,48;0,000264802
6057,05;0,000266622
6057,59;0,000266622
6058,14;0,000266622
6058,66;0,000267532
6059,23;0,000267532
6059,81;0,000267532
6060,34;0,000268442
6060,89;0,000267532
6061,41;0,000268442
6061,97;0,000268442
6062,5;0,000268442
6063,05;0,000268442
6063,58;0,000268442
6064,13;0,000268442
6064,7;0,000268442
6065,25;0,000268442
6065,83;0,000268442
6066,39;0,000269352
6066,92;0,000268442
6067,5;0,000269352
6068,08;0,000268442
6068,66;0,000268442
6069,22;0,000268442
6069,78;0,000268442
6070,34;0,000269352
6070,88;0,000269352
6071,44;0,000269352
6071,97;0,000268442
6072,5;0,000269352
6073,05;0,000269352
6073,58;0,000269352
6074,13;0,000268442
6074,67;0,000269352
6075,22;0,000269352
6075,77;0,000269352
6076,34;0,000268442
6076,88;0,000269352
6077,42;0,000268442
6078;0,000269352
6078,55;0,000269352
6079,09;0,000269352
6079,63;0,000269352
6080,19;0,000269352
6080,72;0,000269352
6081,28;0,000269352
6081,84;0,000269352
6082,39;0,000269352
6082,92;0,000269352
6083,47;0,000269352
6084,02;0,000268442
6084,56;0,000269352
6085,09;0,000269352
6085,67;0,000268442
6086,22;0,000269352
6086,77;0,000268442
6087,34;0,000269352
6087,89;0,000269352
6088,47;0,000269352
6088,98;0,000269352
6089,55;0,000269352
6090,11;0,000269352
6090,64;0,000269352
6091,19;0,000269352
6091,73;0,000269352
6092,27;0,000269352
6092,78;0,000269352
6093,36;0,000269352
6093,91;0,000269352
6094,44;0,000269352
6094,98;0,000269352
6095,52;0,000269352
6096,06;0,000269352
6096,61;0,000269352
6097,17;0,000269352
6097,7;0,000269352
6098,25;0,000269352
6098,78;0,000269352
6099,33;0,000269352
6099,86;0,000269352
6100,41;0,000268442
6100,95;0,000269352
6101,48;0,000269352
6102,03;0,000269352
6102,56;0,000269352
6103,11;0,000269352
6103,67;0,000268442
6104,22;0,000270262
6104,75;0,000274812
6105,3;0,000283001
6105,83;0,000293011
6106,38;0,000303021
6106,91;0,000311211
6107,45;0,000318491
6108;0,000323951
6108,58;0,0003285
6109,16;0,00033123
6109,7;0,00033396
6110,27;0,00033578
6110,81;0,0003376
6111,34;0,00033851
6111,91;0,00033851
6112,48;0,00034033
6113,02;0,00034033
6113,56;0,00034124
6114,09;0,00034215
6114,66;0,00034215
6115,22;0,00034215
6115,75;0,00034215
6116,3;0,00034215
6116,84;0,00034215
6117,38;0,00034215
6117,95;0,00034124
6118,47;0,00034215
6119;0,00034215
6119,53;0,00034306
6120,08;0,00034215
6120,66;0,00034215
6121,17;0,00034215
6121,72;0,00034215
6122,25;0,00034306
6122,8;0,00034215
6123,34;0,00034306
6123,92;0,00034215
6124,5;0,00034306
6125,02;0,00034306
6125,56;0,00034306
6126,09;0,00034306
6126,66;0,00034306
6127,19;0,00034215
6127,72;0,00034306
6128,27;0,00034306
6128,8;0,00034306
6129,34;0,00034215
6129,91;0,00034215
6130,47;0,00034306
6131,02;0,00034215
6131,55;0,00034215
6132,09;0,00034215
6132,63;0,00034306
6133,17;0,00034306
6133,72;0,00034306
6134,3;0,00034306
6134,84;0,00034306
6135,39;0,00034306
6135,94;0,00034306
6136,5;0,00034306
6137,06;0,00034306
6137,64;0,00034215
6138,22;0,00034306
6138,78;0,00034215
6139,34;0,00034306
6139,91;0,00034306
6140,44;0,00034306
6140,98;0,00034306
6141,53;0,00034306
6142,08;0,00034306
6142,64;0,00034215
6143,19;0,00034306
6143,73;0,00034215
6144,31;0,00034306
6144,83;0,00034306
6145,39;0,00034306
6145,91;0,00034306
6146,47;0,00034306
6147,02;0,00034306
6147,58;0,00034306
6148,16;0,00034306
6148,73;0,00034215
6149,3;0,00034579
6149,84;0,00035398
6150,39;0,0003649
6150,91;0,000373089
6151,45;0,000383099
6151,98;0,000389469
6152,53;0,000394929
6153,06;0,000399479
6153,61;0,000403119
6154,14;0,000404939
6154,69;0,000406758
6155,2;0,000408578
6155,75;0,000409488
6156,25;0,000409488
6156,78;0,000411308
6157,33;0,000410398
6157,89;0,000412218
6158,42;0,000412218
6159;0,000412218
6159,58;0,000412218
6160,11;0,000412218
6160,64;0,000412218
6161,19;0,000412218
6161,72;0,000412218
6162,25;0,000412218
6162,83;0,000412218
6163,41;0,000412218
6163,98;0,000413128
6164,52;0,000413128
6165,08;0,000413128
6165,66;0,000413128
6166,19;0,000413128
6166,73;0,000412218
6167,27;0,000413128
6167,8;0,000413128
6168,38;0,000412218
6168,94;0,000413128
6169,48;0,000413128
6170,06;0,000413128
6170,63;0,000413128
6171,17;0,000412218
6171,72;0,000412218
6172,23;0,000413128
6172,81;0,000413128
6173,36;0,000412218
6173,89;0,000413128
6174,44;0,000412218
6174,97;0,000413128
6175,52;0,000412218
6176,08;0,000413128
6176,61;0,000413128
6177,17;0,000413128
6177,69;0,000413128
6178,22;0,000413128
6178,77;0,000413128
6179,31;0,000413128
6179,89;0,000413128
6180,47;0,000412218
6180,98;0,000413128
6181,55;0,000413128
6182,08;0,000413128
6182,63;0,000412218
6183,16;0,000413128
6183,69;0,000413128
6184,22;0,000413128
6184,77;0,000412218
6185,33;0,000413128
6185,88;0,000413128
6186,42;0,000413128
6186,94;0,000413128
6187,5;0,000413128
6188,02;0,000413128
6188,53;0,000413128
6189,08;0,000412218
6189,61;0,000413128
6190,16;0,000412218
6190,73;0,000413128
6191,28;0,000414038
6191,86;0,000422228
6192,42;0,000433148
6192,95;0,000443158
6193,48;0,000450437
6194,03;0,000458627
6194,56;0,000464087
6195,08;0,000468637
6195,63;0,000471367
6196,16;0,000474097
6196,72;0,000475917
6197,25;0,000476827
6197,78;0,000478647
6198,33;0,000478647
6198,86;0,000478647
6199,41;0,000479557
6199,95;0,000479557
6200,5;0,000479557
6201,03;0,000480467
6201,58;0,000480467
6202,13;0,000480467
6202,66;0,000479557
6203,2;0,000480467
6203,75;0,000479557
6204,33;0,000480467
6204,88;0,000480467
6205,45;0,000480467
6205,98;0,000481377
6206,52;0,000480467
6207,09;0,000479557
6207,67;0,000480467
6208,2;0,000480467
6208,75;0,000479557
6209,31;0,000480467
6209,84;0,000481377
6210,38;0,000480467
6210,92;0,000480467
6211,5;0,000480467
6212,06;0,000480467
6212,61;0,000480467
6213,13;0,000480467
6213,67;0,000480467
6214,22;0,000480467
6214,75;0,000480467
6215,3;0,000480467
6215,84;0,000480467
6216,39;0,000480467
6216,95;0,000479557
6217,47;0,000480467
6218,03;0,000480467
6218,56;0,000480467
6219,11;0,000480467
6219,69;0,000480467
6220,22;0,000480467
6220,78;0,000480467
6221,3;0,000480467
6221,81;0,000480467
6222,38;0,000479557
6222,94;0,000480467
6223,47;0,000479557
6224,03;0,000480467
6224,59;0,000480467
6225,14;0,000480467
6225,7;0,000480467
6226,23;0,000480467
6226,78;0,000480467
6227,31;0,000480467
6227,86;0,000480467
6228,42;0,000479557
6228,95;0,000481377
6229,5;0,000480467
6230,03;0,000480467
6230,59;0,000479557
6231,16;0,000480467
6231,69;0,000481377
6232,28;0,000480467
6232,86;0,000480467
6233,44;0,000479557
6234,02;0,000480467
6234,58;0,000480467
6235,14;0,000481377
6235,7;0,000481377
6236,23;0,000480467
6236,8;0,000480467
6237,33;0,000480467
6237,86;0,000480467
6238,41;0,000480467
6238,94;0,000480467
6239,48;0,000480467
6240,05;0,000480467
6240,61;0,000480467
6241,16;0,000480467
6241,69;0,000480467
6242,2;0,000480467
6242,77;0,000481377
6243,31;0,000481377
6243,88;0,000480467
6244,44;0,000481377
6244,95;0,000479557
6245,5;0,000480467
6246;0,000479557
6246,56;0,000480467
6247,09;0,000480467
6247,64;0,000480467
6248,17;0,000481377
6248,72;0,000481377
6249,25;0,000480467
6249,8;0,000481377
6250,3;0,000480467
6250,84;0,000480467
6251,39;0,000481377
6251,94;0,000480467
6252,47;0,000481377
6253,03;0,000480467
6253,55;0,000481377
6254,08;0,000481377
6254,63;0,000481377
6255,17;0,000481377
6255,75;0,000480467
6256,33;0,000480467
6256,84;0,000481377
6257,38;0,000480467
6257,91;0,000481377
6258,45;0,000481377
6259,03;0,000481377
6259,55;0,000480467
6260,11;0,000481377
6260,64;0,000480467
6261,2;0,000480467
6261,73;0,000482287
6262,27;0,000481377
6262,81;0,000481377
6263,34;0,000481377
6263,88;0,000481377
6264,42;0,000481377
6264,97;0,000481377
6265,53;0,000481377
6266,09;0,000481377
6266,64;0,000481377
6267,17;0,000481377
6267,72;0,000480467
6268,27;0,000481377
6268,81;0,000481377
6269,34;0,000481377
6269,92;0,000480467
6270,44;0,000481377
6271;0,000481377
6271,55;0,000481377
6272,11;0,000481377
6272,67;0,000481377
6273,19;0,000480467
6273,73;0,000481377
6274,27;0,000481377
6274,81;0,000481377
6275,36;0,000481377
6275,94;0,000481377
6276,52;0,000481377
6277,03;0,000481377
6277,61;0,000483197
6278,16;0,000489566
6278,69;0,000500486
6279,23;0,000511406
6279,77;0,000520506
6280,34;0,000527785
6280,88;0,000533245
6281,42;0,000535975
6281,95;0,000539615
6282,48;0,000542345
6283,03;0,000543255
6283,58;0,000544165
6284,11;0,000545075
6284,66;0,000545075
6285,23;0,000545985
6285,78;0,000545985
6286,36;0,000545985
6286,92;0,000545985
6287,47;0,000546895
6288;0,000546895
6288,53;0,000546895
6289,11;0,000546895
6289,69;0,000546895
6290,27;0,000546895
6290,8;0,000546895
6291,34;0,000547805
6291,86;0,000546895
6292,42;0,000547805
6292,95;0,000550535
6293,5;0,000559635
6294,03;0,000569645
6294,55;0,000581475
6295,08;0,000589665
6295,63;0,000596035
6296,16;0,000600584
6296,67;0,000604224
6297,23;0,000606954
6297,77;0,000609684
6298,31;0,000609684
6298,83;0,000611504
6299,39;0,000611504
6299,92;0,000612414
6300,45;0,000612414
6301;0,000612414
6301,55;0,000612414
6302,13;0,000612414
6302,67;0,000613324
6303,25;0,000613324
6303,81;0,000612414
6304,36;0,000613324
6304,92;0,000616054
6305,5;0,000626064
6306,08;0,000638803
6306,64;0,000648813
6307,19;0,000658823
6307,72;0,000665193
6308,27;0,000668833
6308,83;0,000671563
6309,36;0,000674293
6309,92;0,000675202
6310,5;0,000676112
6311,02;0,000677022
6311,58;0,000677022
6312,16;0,000677932
6312,69;0,000678842
6313,23;0,000678842
6313,77;0,000677932
6314,31;0,000677932
6314,81;0,000677022
6315,34;0,000677932
6315,89;0,000677932
6316,47;0,000678842
6317,02;0,000678842
6317,56;0,000683392
6318,09;0,000694312
6318,67;0,000705232
6319,23;0,000716151
6319,78;0,000723431
6320,31;0,000728891
6320,84;0,000734351
6321,42;0,000737081
6321,98;0,000737991
6322,52;0,000739811
6323,06;0,000741631
6323,61;0,000741631
6324,14;0,000741631
6324,69;0,000741631
6325,23;0,000741631
6325,8;0,000742541
6326,31;0,000741631
6326,88;0,000742541
6327,39;0,000742541
6327,95;0,000742541
6328,48;0,000743451
6329,06;0,000748
6329,66;0,00075801
6330,23;0,00076802
6330,81;0,00077803
6331,38;0,000785309
6331,94;0,000791679
6332,52;0,000795319
6333,05;0,000798959
6333,59;0,000801689
6334,13;0,000803509
6334,66;0,000804419
6335,2;0,000805329
6335,73;0,000805329
6336,28;0,000805329
6336,84;0,000806239
6337,41;0,000807149
6337,95;0,000810789
6338,5;0,000815339
6339,08;0,000819888
6339,63;0,000823528
6340,17;0,000827168
6340,7;0,000829898
6341,28;0,000831718
6341,86;0,000833538
6342,39;0,000835358
6342,94;0,000836268
6343,47;0,000837178
6344,03;0,000838088
6344,61;0,000838997
6345,14;0,000838997
6345,69;0,000838997
6346,22;0,000839907
6346,75;0,000840817
6347,3;0,000840817
6347,83;0,000840817
6348,38;0,000841727
6348,92;0,000841727
6349,5;0,000841727
6350,05;0,000843547
6350,63;0,000842637
6351,16;0,000843547
6351,7;0,000842637
6352,27;0,000843547
6352,8;0,000843547
6353,38;0,000844457
6353,95;0,000844457
6354,48;0,000845367
6355,03;0,000845367
6355,58;0,000846277
6356,09;0,000846277
6356,66;0,000847187
6357,19;0,000847187
6357,73;0,000847187
6358,28;0,000848097
6358,81;0,000848097
6359,34;0,000849007
6359,89;0,000848097
6360,42;0,000849007
6361;0,000848097
6361,53;0,000848097
6362,08;0,000849007
6362,63;0,000848097
6363,14;0,000848097
6363,69;0,000848097
6364,27;0,000848097
6364,84;0,000848097
6365,39;0,000849007
6365,94;0,000848097
6366,47;0,000857197
6367,02;0,000853557
6367,56;0,000851737
6368,13;0,000848097
6368,69;0,000845367
6369,23;0,000843547
6369,77;0,000840817
6370,31;0,000838086
6370,86;0,000835357
6371,41;0,000832628
6371,95;0,000829898
6372,52;0,000827168
6373,06;0,000824438
6373,61;0,000821708
6374,19;0,000818978
6374,73;0,000815338
6375,31;0,000809879
6375,83;0,000806238
6376,39;0,000800779
6376,95;0,000796229
6377,48;0,000791679
6378,03;0,000787129
6378,56;0,000782579
6379,11;0,00077894
6379,64;0,00077439
6380,2;0,00076984
6380,75;0,00076529
6381,28;0,00076074
6381,83;0,0007571
6382,36;0,00075164
6382,91;0,000748
6383,45;0,000744361
6384,02;0,000738901
6384,55;0,000735261
6385,08;0,000731621
6385,61;0,000727981
6386,16;0,000722521
6386,73;0,000718881
6387,3;0,000714331
6387,84;0,000710692
6388,38;0,000707052
6388,91;0,000702502
6389,45;0,000698862
6390;0,000695222
6390,58;0,000690672
6391,16;0,000685212
6391,67;0,000683392
6392,23;0,000678842
6392,81;0,000675202
6393,34;0,000671562
6393,89;0,000667013
6394,42;0,000664283
6394,97;0,000660643
6395,5;0,000656093
6396,05;0,000652453
6396,56;0,000649723
6397,11;0,000646083
6397,64;0,000641533
6398,17;0,000638803
6398,72;0,000635164
6399,25;0,000631524
6399,83;0,000626974
6400,36;0,000624244
6400,89;0,000620604
6401,42;0,000617874
6401,97;0,000613324
6402,55;0,000609684
6403,13;0,000606954
6403,69;0,000603314
6404,23;0,000599675
6404,77;0,000596945
6405,31;0,000593305
6405,84;0,000590575
6406,41;0,000586935
6406,98;0,000583295
6407,52;0,000579655
6408,06;0,000576925
6408,59;0,000574195
6409,14;0,000570555
6409,72;0,000566915
6410,27;0,000564185
6410,81;0,000560545
6411,34;0,000557815
6411,89;0,000553265
6412,47;0,000551445
6413,03;0,000547805
6413,59;0,000545075
6414,16;0,000541435
6414,69;0,000539615
6415,25;0,000535975
6415,78;0,000533245
6416,31;0,000530515
6416,86;0,000527786
6417,39;0,000524146
6417,94;0,000521416
6418,48;0,000519596
6419;0,000516866
6419,58;0,000513226
6420,16;0,000510496
6420,73;0,000507766
6421,27;0,000504126
6421,83;0,000502306
6422,36;0,000498666
6422,94;0,000496846
6423,52;0,000493206
6424,05;0,000491387
6424,59;0,000487747
6425,13;0,000485927
6425,66;0,000483197
6426,23;0,000479557
6426,75;0,000477737
6427,31;0,000475917
6427,89;0,000472277
6428,42;0,000470457
6428,97;0,000467727
6429,48;0,000464997
6430,05;0,000462267
6430,59;0,000460447
6431,17;0,000456807
6431,7;0,000454987
6432,25;0,000452258
6432,84;0,000449528
6433,41;0,000446798
6433,92;0,000444978
6434,5;0,000442248
6435,03;0,000439518
6435,58;0,000436788
6436,09;0,000435878
6436,64;0,000433148
6437,22;0,000431328
6437,75;0,000427688
6438,31;0,000426778
6438,84;0,000424048
6439,39;0,000422228
6439,94;0,000419498
6440,48;0,000416769
6441;0,000414949
6441,55;0,000413129
6442,09;0,000411309
6442,64;0,000408579
6443,23;0,000405849
6443,8;0,000404029
6444,34;0,000401299
6444,89;0,000399479
6445,42;0,000397659
6445,97;0,000394929
6446,55;0,000393109
6447,06;0,000391289
6447,63;0,000389469
6448,17;0,000386739
6448,72;0,000384919
6449,3;0,000383099
6449,81;0,000380369
6450,39;0,00037855
6450,97;0,00037582
6451,5;0,000374
6452,05;0,00037218
6452,63;0,00037036
6453,14;0,00036763
6453,69;0,00036672
6454,22;0,00036399
6454,77;0,00036308
6455,33;0,00036035
6455,86;0,00035853
6456,39;0,00035762
6456,91;0,00035489
6457,44;0,00035398
6458,02;0,00035125
6458,55;0,00035034
6459,06;0,00034761
6459,66;0,00034579
6460,23;0,00034397
6460,81;0,000342151
6461,38;0,000340331
6461,94;0,000338511
6462,48;0,000337601
6463,03;0,000334871
6463,61;0,000333051
6464,16;0,000331231
6464,69;0,000330321
6465,2;0,000328501
6465,77;0,000325771
6466,34;0,000324861
6466,86;0,000323041
6467,42;0,000321221
6467,95;0,000319401
6468,5;0,000317581
6469,03;0,000315761
6469,58;0,000314851
6470,16;0,000313031
6470,7;0,000311211
6471,25;0,000309391
6471,78;0,000308481
6472,36;0,000305751
6472,88;0,000304841
6473,41;0,000303021
6473,97;0,000302111
6474,5;0,000300291
6475,03;0,000298472
6475,58;0,000297562
6476,11;0,000295742
6476,69;0,000293922
6477,27;0,000292102
6477,83;0,000290282
6478,36;0,000289372
6478,92;0,000287552
6479,45;0,000285732
6480,02;0,000283912
6480,56;0,000283002
6481,08;0,000281182
6481,59;0,000280272
6482,13;0,000278452
6482,66;0,000277542
6483,2;0,000274812
6483,72;0,000274812
6484,28;0,000272992
6484,86;0,000271172
6485,38;0,000269352
6485,94;0,000269352
6486,45;0,000267532
6486,97;0,000266622
6487,5;0,000264802
6488,03;0,000263892
6488,58;0,000262982
6489,17;0,000261162
6489,72;0,000259342
6490,3;0,000258432
6490,89;0,000256613
6491,47;0,000254793
6492;0,000253883
6492,55;0,000252063
6493,08;0,000252063
6493,63;0,000251153
6494,2;0,000249333
6494,72;0,000247513
6495,28;0,000246603
6495,81;0,000244783
6496,36;0,000243873
6496,91;0,000242963
6497,44;0,000242053
6497,97;0,000241143
6498,52;0,000239323
6499,05;0,000238413
6499,61;0,000236593
6500,19;0,000235683
6500,77;0,000233863
6501,34;0,000232953
6501,86;0,000231133
6502,41;0,000231133
6502,95;0,000230223
6503,52;0,000228403
6504,03;0,000227493
6504,59;0,000226583
6505,14;0,000225673
6505,66;0,000224763
6506,19;0,000222943
6506,73;0,000222033
6507,27;0,000221123
6507,81;0,000219303
6508,36;0,000219303
6508,89;0,000217483
6509,41;0,000216574
6509,97;0,000215664
6510,5;0,000214754
6511,05;0,000212934
6511,56;0,000212024
6512,11;0,000211114
6512,64;0,000210204
6513,2;0,000209294
6513,77;0,000208384
6514,36;0,000206564
6514,88;0,000205654
6515,44;0,000204744
6516;0,000203834
6516,55;0,000202924
6517,13;0,000202014
6517,7;0,000201104
6518,28;0,000199284
6518,86;0,000198374
6519,38;0,000196554
6519,94;0,000196554
6520,45;0,000194734
6521,03;0,000194734
6521,56;0,000192914
6522,11;0,000192914
6522,66;0,000191094
6523,2;0,000190184
6523,73;0,000190184
6524,3;0,000188364
6524,89;0,000188364
6525,45;0,000186544
6526;0,000185634
6526,53;0,000184724
6527,08;0,000183814
6527,61;0,000182904
6528,14;0,000181994
6528,69;0,000181084
6529,22;0,000180174
6529,78;0,000178354
6530,36;0,000178354
6530,88;0,000177444
6531,44;0,000176534
6531,97;0,000176534
6532,52;0,000175624
6533,05;0,000173805
6533,59;0,000173805
6534,13;0,000172895
6534,67;0,000171985
6535,23;0,000171075
6535,77;0,000170165
6536,3;0,000169255
6536,88;0,000168345
6537,39;0,000167435
6537,92;0,000167435
6538,45;0,000166525
6539,02;0,000165615
6539,55;0,000164705
6540,09;0,000163795
6540,64;0,000163795
6541,17;0,000162885
6541,69;0,000161975
6542,25;0,000161065
6542,81;0,000160155
6543,34;0,000159245
6543,86;0,000159245
6544,39;0,000158335
6544,92;0,000157425
6545,47;0,000156515
6545,98;0,000155605
6546,53;0,000155605
6547,08;0,000154695
6547,64;0,000153785
6548,16;0,000152875
6548,72;0,000151965
6549,23;0,000151055
6549,81;0,000151055
6550,36;0,000150145
6550,89;0,000149235
6551,44;0,000149235
6551,97;0,000148325
6552,52;0,000147415
6553,03;0,000146505
6553,59;0,000146505
6554,16;0,000144685
6554,69;0,000144685
6555,23;0,000143775
6555,77;0,000142865
6556,31;0,000141955
6556,83;0,000141955
6557,39;0,000141045
6557,97;0,000141045
6558,48;0,000139225
6559,05;0,000139225
6559,56;0,000138315
6560,08;0,000138315
6560,61;0,000137405
6561,2;0,000136495
6561,75;0,000135585
6562,31;0,000135585
6562,86;0,000134675
6563,41;0,000133765
6564;0,000133765
6564,56;0,000132855
6565,13;0,000131946
6565,66;0,000131036
6566,22;0,000131036
6566,75;0,000130126
6567,3;0,000130126
6567,83;0,000129216
6568,36;0,000128306
6568,91;0,000128306
6569,45;0,000127396
6570,02;0,000127396
6570,55;0,000126485
6571,08;0,000125576
6571,63;0,000124666
6572,2;0,000124666
6572,73;0,000123756
6573,3;0,000123756
6573,88;0,000122846
6574,41;0,000121936
6574,95;0,000121026
6575,47;0,000121026
6576,02;0,000120116
6576,59;0,000120116
6577,13;0,000119206
6577,64;0,000119206
6578,17;0,000118296
6578,7;0,000117386
6579,25;0,000116476
6579,78;0,000116476
6580,33;0,000116476
6580,91;0,000115566
6581,42;0,000114656
6581,98;0,000114656
6582,5;0,000113746
6583,02;0,000113746
6583,55;0,000112836
6584,08;0,000112836
6584,61;0,000111926
6585,19;0,000111926
6585,72;0,000110106
6586,27;0,000110106
6586,8;0,000110106
6587,34;0,000109196
6587,91;0,000109196
6588,44;0,000108286
6588,97;0,000108286
6589,55;0,000107376
6590,09;0,000107376
6590,64;0,000106466
6591,2;0,000106466
6591,77;0,000105556
6592,3;0,000105556
6592,86;0,000104646
6593,39;0,000103736
6593,95;0,000102826
6594,52;0,000102826
6595,03;0,000101916
6595,59;0,000101916
6596,11;0,000101006
6596,67;0,000101006
6597,2;0,000100096
6597,75;0,000100096
6598,28;0,000100096
6598,83;9,91863E-05
6599,36;9,82763E-05
6599,94;9,82763E-05
6600,5;9,82763E-05
6601,03;9,73663E-05
6601,56;9,73663E-05
6602,08;9,64564E-05
6602,61;9,64564E-05
6603,19;9,55464E-05
6603,72;9,55464E-05
6604,27;9,46364E-05
6604,84;9,46364E-05
6605,36;9,37264E-05
6605,94;9,37264E-05
6606,45;9,37264E-05
6607,02;9,28165E-05
6607,55;9,28165E-05
6608,09;9,19065E-05
6608,66;9,09965E-05
6609,19;9,09965E-05
6609,73;9,09965E-05
6610,25;9,00865E-05
6610,81;9,00865E-05
6611,41;9,00865E-05
6611,92;8,91765E-05
6612,48;8,91765E-05
6613;8,82665E-05
6613,56;8,82665E-05
6614,09;8,73565E-05
6614,66;8,73565E-05
6615,17;8,73565E-05
6615,72;8,64465E-05
6616,28;8,64465E-05
6616,83;8,55365E-05
6617,42;8,55365E-05
6618;8,55365E-05
6618,53;8,46266E-05
6619,08;8,46266E-05
6619,61;8,46266E-05
6620,16;8,37166E-05
6620,73;8,37166E-05
6621,25;8,28066E-05
6621,83;8,28066E-05
6622,33;8,18966E-05
6622,84;8,18966E-05
6623,39;8,18966E-05
6623,97;8,18967E-05
6624,52;8,09867E-05
6625,06;8,09867E-05
6625,63;8,00767E-05
6626,17;8,00767E-05
6626,77;8,00767E-05
6627,34;7,91667E-05
6627,92;7,91667E-05
6628,48;7,82567E-05
6629,05;7,82567E-05
6629,56;7,82567E-05
6630,13;7,82567E-05
6630,64;7,73468E-05
6631,2;7,73468E-05
6631,72;7,64368E-05
6632,28;7,64368E-05
6632,8;7,55268E-05
6633,34;7,55268E-05
6633,86;7,55268E-05
6634,44;7,55268E-05
6635,03;7,55268E-05
6635,59;7,46168E-05
6636,14;7,46168E-05
6636,69;7,37069E-05
6637,27;7,37069E-05
6637,81;7,37069E-05
6638,39;7,37069E-05
6638,94;7,27969E-05
6639,47;7,27969E-05
6639,98;7,18869E-05
6640,52;7,18869E-05
6641,08;7,18869E-05
6641,61;7,09769E-05
6642,14;7,09769E-05
6642,69;7,09769E-05
6643,22;7,00669E-05
6643,77;7,00669E-05
6644,28;7,00669E-05
6644,88;7,0067E-05
6645,44;6,9157E-05
6645,97;6,9157E-05
6646,52;6,9157E-05
6647,03;6,8247E-05
6647,59;6,8247E-05
6648,13;6,8247E-05
6648,67;6,8247E-05
6649,19;6,7337E-05
6649,77;6,7337E-05
6650,34;6,7337E-05
6650,86;6,7337E-05
6651,42;6,6427E-05
6651,95;6,6427E-05
6652,48;6,64271E-05
6653,03;6,64271E-05
6653,56;6,55171E-05
6654,11;6,55171E-05
6654,64;6,46071E-05
6655,16;6,46071E-05
6655,72;6,46071E-05
6656,28;6,46071E-05
6656,83;6,36971E-05
6657,41;6,36971E-05
6658;6,36971E-05
6658,58;6,27871E-05
6659,11;6,27871E-05
6659,66;6,27871E-05
6660,19;6,27871E-05
6660,72;6,18772E-05
6661,3;6,18772E-05
6661,83;6,18772E-05
6662,39;6,18772E-05
6662,92;6,09672E-05
6663,47;6,09672E-05
6664,02;6,09672E-05
6664,55;6,09672E-05
6665,08;6,00572E-05
6665,63;6,00572E-05
6666,17;6,00572E-05
6666,72;6,00572E-05
6667,31;5,91472E-05
6667,88;5,91472E-05
6668,42;5,91472E-05
6668,97;5,82373E-05
6669,5;5,91473E-05
6670,05;5,82373E-05
6670,63;5,82373E-05
6671,14;5,73273E-05
6671,67;5,82373E-05
6672,22;5,73273E-05
6672,75;5,73273E-05
6673,28;5,64173E-05
6673,8;5,73273E-05
6674,36;5,64173E-05
6674,89;5,64173E-05
6675,44;5,64173E-05
6675,97;5,64173E-05
6676,52;5,55073E-05
6677,09;5,55073E-05
6677,64;5,55073E-05
6678,22;5,55073E-05
6678,77;5,45973E-05
6679,3;5,45973E-05
6679,81;5,45973E-05
6680,34;5,45974E-05
6680,91;5,45974E-05
6681,44;5,36874E-05
6681,97;5,36874E-05
6682,52;5,36874E-05
6683,05;5,36874E-05
6683,61;5,36874E-05
6684,2;5,27774E-05
6684,77;5,27774E-05
6685,31;5,27774E-05
6685,84;5,27774E-05
6686,36;5,27774E-05
6686,92;5,18674E-05
6687,45;5,18674E-05
6688;5,18674E-05
6688,53;5,18674E-05
6689,09;5,09574E-05
6689,67;5,18674E-05
6690,19;5,09575E-05
6690,75;5,09575E-05
6691,28;5,00475E-05
6691,83;5,09575E-05
6692,36;5,00475E-05
6692,91;5,00475E-05
6693,44;5,00475E-05
6693,98;5,00475E-05
6694,5;4,91375E-05
6695,06;5,00475E-05
6695,58;4,91375E-05
6696,14;4,91375E-05
6696,69;4,91375E-05
6697,23;4,91375E-05
6697,8;4,82275E-05
6698,33;4,82275E-05
6698,88;4,82275E-05
6699,41;4,82275E-05
6699,94;4,82275E-05
6700,48;4,82275E-05
6701;4,73175E-05
6701,56;4,73175E-05
6702,16;4,73175E-05
6702,69;4,73175E-05
6703,23;4,73175E-05
6703,75;4,73175E-05
6704,31;4,64075E-05
6704,84;4,64075E-05
6705,39;4,64075E-05
6705,91;4,64075E-05
6706,45;4,64075E-05
6706,98;4,64075E-05
6707,53;4,54975E-05
6708,05;4,54975E-05
6708,63;4,54975E-05
6709,17;4,54975E-05
6709,7;4,54975E-05
6710,25;4,54975E-05
6710,78;4,45875E-05
6711,36;4,45875E-05
6711,88;4,45875E-05
6712,44;4,45875E-05
6712,97;4,45875E-05
6713,52;4,45875E-05
6714,09;4,36775E-05
6714,63;4,36775E-05
6715,19;4,36775E-05
6715,72;4,36775E-05
6716,3;4,36776E-05
6716,83;4,27676E-05
6717,38;4,27676E-05
6717,89;4,27676E-05
6718,45;4,27676E-05
6719,03;4,27676E-05
6719,55;4,27676E-05
6720,13;4,27676E-05
6720,64;4,27676E-05
6721,2;4,18576E-05
6721,78;4,18576E-05
6722,3;4,18576E-05
6722,84;4,18576E-05
6723,39;4,18576E-05
6723,94;4,18576E-05
6724,52;4,18576E-05
6725,06;4,09476E-05
6725,61;4,09476E-05
6726,14;4,09476E-05
6726,72;4,09476E-05
6727,31;4,09476E-05
6727,89;4,09476E-05
6728,42;4,09476E-05
6728,97;4,00376E-05
6729,48;4,00377E-05
6730,05;4,00377E-05
6730,63;4,00377E-05
6731,16;4,00377E-05
6731,72;4,00377E-05
6732,23;3,91277E-05
6732,78;4,00377E-05
6733,33;3,91277E-05
6733,91;3,91277E-05
6734,44;3,91277E-05
6734,98;3,91277E-05
6735,56;3,91277E-05
6736,16;3,91277E-05
6736,72;3,91277E-05
6737,27;3,82177E-05
6737,81;3,82177E-05
6738,31;3,82177E-05
6738,89;3,82177E-05
6739,42;3,82177E-05
6739,97;3,82177E-05
6740,48;3,73077E-05
6741,05;3,82177E-05
6741,56;3,73077E-05
6742,08;3,82177E-05
6742,61;3,73077E-05
6743,19;3,73077E-05
6743,7;3,73077E-05
6744,27;3,73077E-05
6744,78;3,73077E-05
6745,31;3,73077E-05
6745,86;3,63977E-05
6746,44;3,73077E-05
6746,97;3,63978E-05
6747,52;3,63977E-05
6748,03;3,63977E-05
6748,59;3,63977E-05
6749,11;3,63978E-05
6749,63;3,63978E-05
6750,17;3,54878E-05
6750,75;3,63978E-05
6751,28;3,54878E-05
6751,83;3,54878E-05
6752,33;3,54878E-05
6752,91;3,54878E-05
6753,41;3,54878E-05
6753,92;3,54878E-05
6754,47;3,54878E-05
6755,05;3,54878E-05
6755,58;3,45778E-05
6756,09;3,54878E-05
6756,63;3,54878E-05
6757,16;3,54878E-05
6757,7;3,45778E-05
6758,22;3,45778E-05
6758,8;3,45778E-05
6759,36;3,45778E-05
6759,91;3,45778E-05
6760,47;3,45778E-05
6761;3,45778E-05
6761,56;3,45778E-05
6762,13;3,36678E-05
6762,64;3,36678E-05
6763,17;3,36678E-05
6763,7;3,36678E-05
6764,25;3,36678E-05
6764,8;3,36678E-05
6765,39;3,36678E-05
6765,97;3,36678E-05
6766,5;3,36678E-05
6767,05;3,27578E-05
6767,63;3,36678E-05
6768,19;3,27578E-05
6768,75;3,27579E-05
6769,3;3,27579E-05
6769,81;3,27578E-05
6770,34;3,27579E-05
6770,91;3,27579E-05
6771,44;3,27579E-05
6771,97;3,27579E-05
6772,48;3,27579E-05
6773,06;3,27579E-05
6773,66;3,18479E-05
6774,22;3,18479E-05
6774,73;3,18479E-05
6775,31;3,18479E-05
6775,89;3,18479E-05
6776,44;3,18479E-05
6777,02;3,18479E-05
6777,56;3,18479E-05
6778,09;3,18479E-05
6778,61;3,18479E-05
6779,14;3,18479E-05
6779,7;3,09379E-05
6780,25;3,09379E-05
6780,84;3,09379E-05
6781,42;3,09379E-05
6781,94;3,09379E-05
6782,5;3,09379E-05
6783,02;3,09379E-05
6783,56;3,09379E-05
6784,11;3,09379E-05
6784,64;3,09379E-05
6785,16;3,09379E-05
6785,72;3,09379E-05
6786,25;3,09379E-05
6786,8;3,00279E-05
6787,33;3,00279E-05
6787,89;3,00279E-05
6788,47;3,00279E-05
6788,98;3,00279E-05
6789,55;3,00279E-05
6790,08;3,00279E-05
6790,63;3,00279E-05
6791,16;3,00279E-05
6791,73;3,00279E-05
6792,28;3,00279E-05
6792,83;3,00279E-05
6793,41;2,91179E-05
6793,95;2,91179E-05
6794,5;2,91179E-05
6795,06;2,91179E-05
6795,66;2,91179E-05
6796,17;2,91179E-05
6796,73;2,9118E-05
6797,28;2,9118E-05
6797,88;2,9118E-05
6798,45;2,9118E-05
6798,98;2,9118E-05
6799,53;2,9118E-05
6800,05;2,9118E-05
6800,58;2,9118E-05
6801,14;2,9118E-05
6801,67;2,8208E-05
6802,2;2,9118E-05
6802,75;2,8208E-05
6803,33;2,8208E-05
6803,86;2,8208E-05
6804,41;2,8208E-05
6804,98;2,8208E-05
6805,5;2,8208E-05
6806,06;2,8208E-05
6806,58;2,8208E-05
6807,09;2,8208E-05
6807,64;2,8208E-05
6808,22;2,8208E-05
6808,77;2,7298E-05
6809,31;2,8208E-05
6809,88;2,7298E-05
6810,42;2,7298E-05
6810,97;2,7298E-05
6811,5;2,7298E-05
6812,02;2,7298E-05
6812,59;2,7298E-05
6813,17;2,7298E-05
6813,72;2,7298E-05
6814,27;2,7298E-05
6814,83;2,7298E-05
6815,34;2,7298E-05
6815,89;2,7298E-05
6816,44;2,7298E-05
6816,98;2,7298E-05
6817,56;2,7298E-05
6818,09;2,6388E-05
6818,64;2,6388E-05
6819,17;2,6388E-05
6819,72;2,6388E-05
6820,27;2,6388E-05
6820,84;2,6388E-05
6821,36;2,6388E-05
6821,92;2,6388E-05
6822,47;2,6388E-05
6822,98;2,6388E-05
6823,52;2,6388E-05
6824,08;2,6388E-05
6824,61;2,6388E-05
6825,16;2,6388E-05
6825,69;2,6388E-05
6826,23;2,6388E-05
6826,8;2,63881E-05
6827,31;2,63881E-05
6827,91;2,6388E-05
6828,48;2,54781E-05
6829,06;2,54781E-05
6829,63;2,54781E-05
6830,19;2,54781E-05
6830,7;2,54781E-05
6831,27;2,54781E-05
6831,81;2,54781E-05
6832,34;2,54781E-05
6832,86;2,54781E-05
6833,42;2,54781E-05
6833,98;2,54781E-05
6834,56;2,54781E-05
6835,08;2,54781E-05
6835,64;2,54781E-05
6836,22;2,54781E-05
6836,75;2,54781E-05
6837,3;2,54781E-05
6837,81;2,45681E-05
6838,39;2,54781E-05
6838,91;2,45681E-05
6839,45;2,45681E-05
6840;2,45681E-05
6840,55;2,45681E-05
6841,08;2,45681E-05
6841,66;2,45681E-05
6842,19;2,45681E-05
6842,72;2,45681E-05
6843,3;2,45681E-05
6843,88;2,45681E-05
6844,41;2,45681E-05
6844,95;2,45681E-05
6845,53;2,45681E-05
6846,05;2,45681E-05
6846,58;2,45681E-05
6847,13;2,45681E-05
6847,66;2,45681E-05
6848,19;2,45681E-05
6848,73;2,45681E-05
6849,27;2,45681E-05
6849,84;2,45681E-05
6850,38;2,36581E-05
6850,92;2,36581E-05
6851,45;2,36581E-05
6852;2,36581E-05
6852,56;2,36581E-05
6853,13;2,36581E-05
6853,64;2,36581E-05
6854,2;2,36581E-05
6854,72;2,36581E-05
6855,28;2,36581E-05
6855,8;2,36581E-05
6856,36;2,36581E-05
6856,88;2,36581E-05
6857,42;2,36581E-05
6857,94;2,36581E-05
6858,5;2,36581E-05
6859,02;2,36581E-05
6859,61;2,36581E-05
6860,19;2,36581E-05
6860,75;2,36581E-05
6861,3;2,36581E-05
6861,84;2,27481E-05
6862,42;2,36581E-05
6862,94;2,27481E-05
6863,47;2,36581E-05
6864,02;2,27481E-05
6864,55;2,27481E-05
6865,08;2,27481E-05
6865,59;2,27481E-05
6866,16;2,27481E-05
6866,73;2,27481E-05
6867,27;2,27481E-05
6867,81;2,27481E-05
6868,34;2,27482E-05
6868,89;2,27481E-05
6869,45;2,27481E-05
6869,98;2,27481E-05
6870,52;2,27481E-05
6871,06;2,27481E-05
6871,59;2,27481E-05
6872,14;2,27481E-05
6872,67;2,27482E-05
6873,23;2,27482E-05
6873,77;2,27482E-05
6874,31;2,27481E-05
6874,84;2,27482E-05
6875,39;2,27482E-05
6875,91;2,18381E-05
6876,5;2,27482E-05
6877,08;2,27482E-05
6877,64;2,27482E-05
6878,19;2,27482E-05
6878,72;2,27482E-05
6879,23;2,18382E-05
6879,8;2,18382E-05
6880,36;2,18382E-05
6880,91;2,18382E-05
6881,48;2,18382E-05
6882,08;2,18382E-05
6882,66;2,18382E-05
6883,23;2,18382E-05
6883,77;2,18382E-05
6884,31;2,18382E-05
6884,84;2,18382E-05
6885,39;2,18382E-05
6885,91;2,18382E-05
6886,47;2,18382E-05
6886,98;2,18382E-05
6887,5;2,18382E-05
6888,06;2,18382E-05
6888,63;2,18382E-05
6889,16;2,18382E-05
6889,7;2,18382E-05
6890,25;2,18382E-05
6890,83;2,18382E-05
6891,41;2,18382E-05
6891,92;2,18382E-05
6892,5;2,18382E-05
6893,08;2,09282E-05
6893,66;2,18382E-05
6894,17;2,09282E-05
6894,73;2,18382E-05
6895,25;2,09282E-05
6895,8;2,18382E-05
6896,34;2,09282E-05
6896,91;2,09282E-05
6897,48;2,09282E-05
6898;2,09282E-05
6898,58;2,09282E-05
6899,09;2,09282E-05
6899,63;2,09282E-05
6900,19;2,09282E-05
6900,73;2,09282E-05
6901,3;2,09282E-05
6901,84;2,09282E-05
6902,39;2,09282E-05
6902,92;2,09282E-05
6903,48;2,09282E-05
6904,05;2,09282E-05
6904,56;2,09282E-05
6905,13;2,09282E-05
6905,64;2,09282E-05
6906,2;2,09282E-05
6906,73;2,09282E-05
6907,28;2,09282E-05
6907,81;2,09282E-05
6908,36;2,09282E-05
6908,92;2,09282E-05
6909,47;2,09282E-05
6910,03;2,09282E-05
6910,56;2,09282E-05
6911,14;2,09282E-05
6911,67;2,09282E-05
6912,22;2,09282E-05
6912,75;2,09282E-05
6913,28;2,09282E-05
6913,81;2,09282E-05
6914,39;2,09282E-05
6914,92;2,09282E-05
6915,47;2,09282E-05
6915,98;2,09282E-05
6916,55;2,09282E-05
6917,08;2,09282E-05
6917,63;2,09282E-05
6918,16;2,00182E-05
6918,69;2,00182E-05
6919,22;2,00182E-05
6919,77;2,00182E-05
6920,28;2,00182E-05
6920,84;2,00182E-05
6921,44;2,00182E-05
6922,02;2,00182E-05
6922,53;2,00182E-05
6923,09;2,00182E-05
6923,63;2,00182E-05
6924,17;2,00182E-05
6924,7;2,00182E-05
6925,25;2,00182E-05
6925,81;2,00182E-05
6926,36;2,00182E-05
6926,92;2,00182E-05
6927,45;2,00182E-05
6927,98;2,00182E-05
6928,53;2,00182E-05
6929,11;2,00182E-05
6929,64;2,00182E-05
6930,17;2,00183E-05
6930,72;2,00182E-05
6931,28;2,00182E-05
6931,86;2,00182E-05
6932,38;2,00182E-05
6932,94;2,00182E-05
6933,52;2,00182E-05
6934,05;2,00182E-05
6934,59;2,00183E-05
6935,11;2,00183E-05
6935,67;2,00182E-05
6936,2;2,00183E-05
6936,75;2,00182E-05
6937,3;1,91082E-05
6937,88;2,00183E-05
6938,45;2,00182E-05
6939,05;1,91082E-05
6939,61;2,00182E-05
6940,13;1,91082E-05
6940,66;2,00183E-05
6941,2;1,91083E-05
6941,73;2,00183E-05
6942,27;1,91083E-05
6942,84;1,91083E-05
6943,38;1,91083E-05
6943,92;1,91083E-05
6944,45;1,91083E-05
6945;1,91083E-05
6945,56;1,91083E-05
6946,11;1,91082E-05
6946,67;1,91083E-05
6947,2;1,91083E-05
6947,75;1,91083E-05
6948,27;1,91083E-05
6948,84;1,91083E-05
6949,42;1,91083E-05
6949,94;1,91083E-05
6950,5;1,91083E-05
6951,02;1,91083E-05
6951,58;1,91083E-05
6952,11;1,91083E-05
6952,66;1,91083E-05
6953,19;1,91083E-05
6953,73;1,91083E-05
6954,31;1,91083E-05
6954,86;1,91083E-05
6955,44;1,91083E-05
6955,97;1,91083E-05
6956,52;1,91083E-05
6957,09;1,91083E-05
6957,63;1,91083E-05
6958,19;1,91083E-05
6958,77;1,91083E-05
6959,34;1,91083E-05
6959,86;1,91083E-05
6960,41;1,91083E-05
6960,95;1,91083E-05
6961,52;1,91083E-05
6962,06;1,91083E-05
6962,59;1,91083E-05
6963,11;1,91083E-05
6963,67;1,91083E-05
6964,2;1,91083E-05
6964,75;1,91083E-05
6965,28;1,91083E-05
6965,81;1,91083E-05
6966,36;1,91083E-05
6966,89;1,91083E-05
6967,41;1,91083E-05
6967,95;1,91083E-05
6968,5;1,91083E-05
6969,08;1,91083E-05
6969,64;1,91083E-05
6970,16;1,91083E-05
6970,73;1,91083E-05
6971,31;1,81983E-05
6971,83;1,91083E-05
6972,39;1,81983E-05
6972,94;1,81983E-05
6973,47;1,81983E-05
6973,98;1,91083E-05
6974,55;1,81983E-05
6975,08;1,81983E-05
6975,63;1,81983E-05
6976,16;1,81983E-05
6976,7;1,81983E-05
6977,28;1,81983E-05
6977,84;1,81983E-05
6978,41;1,81983E-05
6978,92;1,81983E-05
6979,48;1,81983E-05
6980;1,81983E-05
6980,56;1,81983E-05
6981,09;1,81983E-05
6981,63;1,81983E-05
6982,16;1,81983E-05
6982,7;1,81983E-05
6983,25;1,81983E-05
6983,8;1,81983E-05
6984,39;1,81983E-05
6984,95;1,81983E-05
6985,5;1,81983E-05
6986,05;1,81983E-05
6986,63;1,81983E-05
6987,17;1,81983E-05
6987,75;1,81983E-05
6988,28;1,81983E-05
6988,83;1,81983E-05
6989,34;1,81983E-05
6989,91;1,81983E-05
6990,48;1,81983E-05
6991;1,81983E-05
6991,58;1,81983E-05
6992,16;1,81983E-05
6992,69;1,81983E-05
6993,23;1,81983E-05
6993,77;1,81983E-05
6994,31;1,81983E-05
6994,89;1,81983E-05
6995,42;1,81983E-05
6995,98;1,81983E-05
6996,52;1,81983E-05
6997,06;1,81983E-05
6997,59;1,81983E-05
6998,17;1,81983E-05
6998,7;1,81983E-05
6999,23;1,81983E-05
6999,78;1,81983E-05
7000,31;1,81983E-05
7000,84;1,81983E-05
7001,42;1,81983E-05
7002;1,81983E-05
7002,56;1,81983E-05
7003,09;1,81983E-05
7003,64;1,81983E-05
7004,17;1,81983E-05
7004,73;1,81983E-05
7005,27;1,81983E-05
7005,81;1,72883E-05
7006,34;1,81983E-05
7006,89;1,81983E-05
7007,47;1,81983E-05
7007,98;1,72883E-05
7008,53;1,81983E-05
7009,08;1,72883E-05
7009,63;1,81983E-05
7010,16;1,72883E-05
7010,7;1,81983E-05
7011,27;1,72883E-05
7011,81;1,81983E-05
7012,38;1,81983E-05
7012,91;1,81983E-05
7013,44;1,72883E-05
7013,98;1,81983E-05
7014,56;1,81983E-05
7015,11;1,72883E-05
7015,66;1,72883E-05
7016,22;1,72883E-05
7016,73;1,72883E-05
7017,3;1,72883E-05
7017,81;1,72883E-05
7018,33;1,72883E-05
7018,86;1,72883E-05
7019,42;1,72883E-05
7019,95;1,72883E-05
7020,48;1,72883E-05
7021,03;1,72883E-05
7021,61;1,72883E-05
7022,13;1,72883E-05
7022,69;1,72883E-05
7023,27;1,72883E-05
7023,78;1,72883E-05
7024,34;1,72883E-05
7024,86;1,72883E-05
7025,38;1,72883E-05
7025,92;1,72883E-05
7026,5;1,72884E-05
7027,03;1,72883E-05
7027,55;1,72883E-05
7028,08;1,72883E-05
7028,61;1,72883E-05
7029,16;1,72883E-05
7029,67;1,72883E-05
7030,22;1,72883E-05
7030,8;1,72883E-05
7031,33;1,72883E-05
7031,88;1,72884E-05
7032,41;1,72883E-05
7032,95;1,72883E-05
7033,47;1,72884E-05
7034,06;1,72883E-05
7034,63;1,72883E-05
7035,17;1,72884E-05
7035,7;1,72883E-05
7036,22;1,72883E-05
7036,78;1,72883E-05
7037,38;1,72883E-05
7037,89;1,72883E-05
7038,45;1,72883E-05
7039,03;1,72883E-05
7039,55;1,72883E-05
7040,11;1,72883E-05
7040,64;1,72884E-05
7041,19;1,72883E-05
7041,75;1,72884E-05
7042,3;1,72884E-05
7042,86;1,72884E-05
7043,39;1,72884E-05
7043,92;1,72883E-05
7044,44;1,72884E-05
7044,97;1,72883E-05
7045,55;1,72883E-05
7046,05;1,72884E-05
7046,59;1,72883E-05
7047,16;1,72884E-05
7047,69;1,72884E-05
7048,22;1,72884E-05
7048,77;1,72884E-05
7049,31;1,72884E-05
7049,84;1,72884E-05
7050,38;1,72884E-05
7050,94;1,72884E-05
7051,52;1,72884E-05
7052,05;1,72884E-05
7052,59;1,72884E-05
7053,11;1,72884E-05
7053,67;1,72884E-05
7054,25;1,72884E-05
7054,78;1,72884E-05
7055,31;1,72884E-05
7055,84;1,72884E-05
7056,39;1,72884E-05
7056,91;1,72884E-05
7057,44;1,72884E-05
7058;1,72884E-05
7058,53;1,72884E-05
7059,06;1,72884E-05
7059,61;1,72884E-05
7060,14;1,72884E-05
7060,66;1,72884E-05
7061,22;1,72884E-05
7061,75;1,72884E-05
7062,3;1,72884E-05
7062,86;1,72884E-05
7063,39;1,72884E-05
7063,95;1,72884E-05
7064,53;1,72884E-05
7065,08;1,63784E-05
7065,63;1,72884E-05
7066,13;1,63784E-05
7066,66;1,72884E-05
7067,19;1,63784E-05
7067,73;1,72884E-05
7068,27;1,72884E-05
7068,78;1,72884E-05
7069,33;1,63784E-05
7069,89;1,72884E-05
7070,41;1,63784E-05
7070,97;1,72884E-05
7071,48;1,63784E-05
7072;1,72884E-05
7072,55;1,63784E-05
7073,08;1,63784E-05
7073,63;1,63784E-05
7074,16;1,63784E-05
7074,7;1,72884E-05
7075,25;1,72884E-05
7075,78;1,63784E-05
7076,3;1,63784E-05
7076,86;1,72884E-05
7077,44;1,63784E-05
7077,97;1,63784E-05
7078,52;1,63784E-05
7079,03;1,63784E-05
7079,59;1,63784E-05
7080,13;1,63784E-05
7080,67;1,63784E-05
7081,2;1,63784E-05
7081,72;1,63784E-05
7082,25;1,63784E-05
7082,8;1,63784E-05
7083,33;1,63784E-05
7083,88;1,63784E-05
7084,42;1,63784E-05
7084,98;1,63784E-05
7085,52;1,63784E-05
7086,08;1,63784E-05
7086,63;1,63784E-05
7087,17;1,63784E-05
7087,77;1,63784E-05
7088,33;1,63784E-05
7088,84;1,63784E-05
7089,41;1,63784E-05
7089,95;1,63784E-05
7090,48;1,63784E-05
7091,06;1,63784E-05
7091,59;1,63784E-05
7092,16;1,63784E-05
7092,67;1,63784E-05
7093,19;1,63784E-05
7093,72;1,63784E-05
7094,3;1,63784E-05
7094,81;1,63784E-05
7095,38;1,63784E-05
7095,89;1,63784E-05
7096,45;1,63784E-05
7096,97;1,63784E-05
7097,53;1,63784E-05
7098,08;1,63784E-05
7098,64;1,63784E-05
7099,16;1,63784E-05
7099,73;1,63784E-05
7100,33;1,63784E-05
7100,89;1,63784E-05
7101,41;1,63784E-05
7101,97;1,63784E-05
7102,52;1,63784E-05
7103,06;1,63784E-05
7103,64;1,63784E-05
7104,16;1,63784E-05
7104,72;1,63784E-05
7105,23;1,63784E-05
7105,77;1,63784E-05
7106,3;1,63784E-05
7106,81;1,63784E-05
7107,38;1,63784E-05
7107,95;1,63784E-05
7108,48;1,63784E-05
7109,03;1,63784E-05
7109,56;1,63784E-05
7110,11;1,63784E-05
7110,67;1,63784E-05
7111,23;1,63784E-05
7111,75;1,63784E-05
7112,31;1,63784E-05
7112,86;1,63784E-05
7113,39;1,63784E-05
7113,91;1,63784E-05
7114,45;1,63784E-05
7114,98;1,63784E-05
7115,53;1,63784E-05
7116,05;1,63784E-05
7116,61;1,63784E-05
7117,13;1,63784E-05
7117,72;1,63784E-05
7118,28;1,63784E-05
7118,8;1,63784E-05
7119,36;1,63784E-05
7119,91;1,63784E-05
7120,42;1,63784E-05
7120,95;1,63784E-05
7121,52;1,63784E-05
7122,05;1,63784E-05
7122,59;1,63784E-05
7123,13;1,63784E-05
7123,66;1,63784E-05
7124,17;1,63784E-05
7124,77;1,63784E-05
7125,34;1,63784E-05
7125,88;1,63784E-05
7126,41;1,63784E-05
7126,95;1,63784E-05
7127,48;1,63784E-05
7128;1,63784E-05
7128,56;1,63784E-05
7129,09;1,63784E-05
7129,64;1,63784E-05
7130,17;1,63784E-05
7130,73;1,63784E-05
7131,25;1,63784E-05
7131,81;1,63784E-05
7132,39;1,63784E-05
7132,92;1,63784E-05
7133,47;1,63784E-05
7134;1,63784E-05
7134,55;1,63784E-05
7135,08;1,63784E-05
7135,63;1,63784E-05
7136,19;1,63784E-05
7136,72;1,63784E-05
7137,25;1,63784E-05
7137,8;1,63784E-05
7138,31;1,63784E-05
7138,86;1,63784E-05
7139,41;1,63784E-05
7139,97;1,63784E-05
7140,52;1,63784E-05
7141,05;1,63784E-05
7141,56;1,63784E-05
7142,13;1,63784E-05
7142,64;1,63784E-05
7143,2;1,63784E-05
7143,72;1,54684E-05
7144,27;1,63784E-05
7144,8;1,63784E-05
7145,34;1,63784E-05
7145,86;1,63784E-05
7146,41;1,63784E-05
7146,94;1,63784E-05
7147,48;1,63784E-05
7148,03;1,54684E-05
7148,59;1,63784E-05
7149,14;1,63784E-05
7149,66;1,63784E-05
7150,19;1,63784E-05
7150,75;1,63784E-05
7151,28;1,63784E-05
7151,83;1,63784E-05
7152,36;1,63784E-05
7152,89;1,63784E-05
7153,44;1,63784E-05
7153,98;1,63784E-05
7154,5;1,63784E-05
7155,06;1,63784E-05
7155,58;1,63784E-05
7156,16;1,63785E-05
7156,73;1,63784E-05
7157,31;1,63784E-05
7157,83;1,63784E-05
7158,39;1,54684E-05
7158,91;1,63784E-05
7159,47;1,54684E-05
7159,98;1,63784E-05
7160,55;1,54684E-05
7161,13;1,63784E-05
7161,66;1,54684E-05
7162,2;1,63784E-05
7162,73;1,54684E-05
7163,28;1,63784E-05
7163,84;1,63784E-05
7164,39;1,63784E-05
7164,92;1,54684E-05
7165,45;1,63784E-05
7166;1,54684E-05
7166,53;1,63784E-05
7167,05;1,54684E-05
7167,59;1,63784E-05
7168,14;1,54684E-05
7168,7;1,54684E-05
7169,22;1,54684E-05
7169,78;1,54684E-05
7170,33;1,54684E-05
7170,88;1,54684E-05
7171,47;1,54684E-05
7172,05;1,54684E-05
7172,58;1,54684E-05
7173,13;1,54684E-05
7173,7;1,54684E-05
7174,22;1,54684E-05
7174,78;1,54684E-05
7175,3;1,54684E-05
7175,86;1,54684E-05
7176,38;1,54684E-05
7176,89;1,54684E-05
7177,44;1,54684E-05
7177,97;1,54684E-05
7178,52;1,54684E-05
7179,05;1,63784E-05
7179,58;1,54684E-05
7180,13;1,54684E-05
7180,66;1,54684E-05
7181,2;1,54684E-05
7181,77;1,54684E-05
7182,33;1,54684E-05
7182,84;1,54684E-05
7183,41;1,54684E-05
7183,92;1,54685E-05
7184,44;1,54684E-05
7184,98;1,54684E-05
7185,53;1,54684E-05
7186,06;1,54684E-05
7186,61;1,54684E-05
7187,14;1,54684E-05
7187,69;1,54684E-05
7188,22;1,54684E-05
7188,77;1,54684E-05
7189,31;1,54684E-05
7189,86;1,54684E-05
7190,39;1,54684E-05
7190,97;1,54684E-05
7191,48;1,54684E-05
7192,02;1,54684E-05
7192,58;1,54684E-05
7193,11;1,54684E-05
7193,66;1,54684E-05
7194,19;1,54684E-05
7194,77;1,54684E-05
7195,28;1,54684E-05
7195,86;1,54684E-05
7196,41;1,54684E-05
7196,94;1,54684E-05
7197,52;1,54684E-05
7198,03;1,54684E-05
7198,56;1,54684E-05
7199,11;1,54684E-05
7199,66;1,54684E-05
7200,23;1,54684E-05
7200,78;1,54684E-05
7201,36;1,54684E-05
7201,95;1,54684E-05
7202,53;1,54684E-05
7203,06;1,54684E-05
7203,61;1,54684E-05
7204,19;1,54684E-05
7204,73;1,54684E-05
7205,28;1,54684E-05
7205,81;1,54684E-05
7206,36;1,54684E-05
7206,88;1,54685E-05
7207,42;1,54684E-05
7207,97;1,54684E-05
7208,53;1,54684E-05
7209,05;1,54684E-05
7209,61;1,54684E-05
7210,13;1,54684E-05
7210,69;1,54684E-05
7211,2;1,54684E-05
7211,77;1,54684E-05
7212,3;1,54684E-05
7212,83;1,54684E-05
7213,38;1,54684E-05
7213,91;1,54684E-05
7214,42;1,54684E-05
7214,97;1,54684E-05
7215,52;1,54684E-05
7216,08;1,54684E-05
7216,59;1,54684E-05
7217,16;1,54684E-05
7217,7;1,54684E-05
7218,22;1,54684E-05
7218,75;1,54684E-05
7219,31;1,54685E-05
7219,84;1,54685E-05
7220,38;1,54684E-05
7220,92;1,54684E-05
7221,45;1,54684E-05
7222;1,54684E-05
7222,55;1,54684E-05
7223,09;1,54684E-05
7223,64;1,54684E-05
7224,2;1,54685E-05
7224,78;1,54684E-05
7225,31;1,54684E-05
7225,86;1,54685E-05
7226,39;1,54685E-05
7226,92;1,54684E-05
7227,47;1,54684E-05
7228;1,54685E-05
7228,55;1,54684E-05
7229,08;1,54684E-05
7229,59;1,54685E-05
7230,16;1,54684E-05
7230,72;1,54684E-05
7231,27;1,54685E-05
7231,84;1,54684E-05
7232,44;1,54684E-05
7233,02;1,54684E-05
7233,55;1,54684E-05
7234,09;1,54685E-05
7234,61;1,54685E-05
7235,17;1,54684E-05
7235,75;1,54685E-05
7236,27;1,54685E-05
7236,78;1,54685E-05
7237,34;1,54685E-05
7237,86;1,54684E-05
7238,42;1,54685E-05
7238,98;1,54685E-05
7239,52;1,54685E-05
7240,05;1,54685E-05
7240,56;1,54685E-05
7241,13;1,54685E-05
7241,64;1,54685E-05
7242,16;1,54685E-05
7242,7;1,54685E-05
7243,28;1,54685E-05
7243,83;1,54685E-05
7244,38;1,54684E-05
7244,89;1,54685E-05
7245,45;1,54685E-05
7245,98;1,54685E-05
7246,53;1,54685E-05
7247,06;1,54685E-05
7247,61;1,54685E-05
7248,13;1,54685E-05
7248,69;1,54685E-05
7249,2;1,54685E-05
7249,77;1,54685E-05
7250,3;1,54685E-05
7250,84;1,54685E-05
7251,38;1,54685E-05
7251,94;1,54685E-05
7252,48;1,54685E-05
7253;1,54685E-05
7253,55;1,54685E-05
7254,09;1,54685E-05
7254,66;1,54685E-05
7255,2;1,54685E-05
7255,73;1,54685E-05
7256,25;1,54685E-05
7256,83;1,54685E-05
7257,41;1,54685E-05
7257,92;1,54685E-05
7258,48;1,54685E-05
7259,03;1,54685E-05
7259,56;1,54685E-05
7260,11;1,54685E-05
7260,67;1,54685E-05
7261,23;1,54685E-05
7261,75;1,54685E-05
7262,3;1,54685E-05
7262,86;1,54685E-05
7263,39;1,54685E-05
7263,94;1,54685E-05
7264,47;1,54685E-05
7265;1,54685E-05
7265,55;1,54685E-05
7266,09;1,54685E-05
7266,67;1,54685E-05
7267,22;1,54685E-05
7267,75;1,54685E-05
7268,3;1,54685E-05
7268,83;1,54685E-05
7269,38;1,54685E-05
7269,91;1,54685E-05
7270,42;1,54685E-05
7270,98;1,54685E-05
7271,53;1,54685E-05
7272,05;1,54685E-05
7272,59;1,54685E-05
7273,13;1,54685E-05
7273,67;1,54685E-05
7274,2;1,54685E-05
7274,75;1,54685E-05
7275,31;1,54685E-05
7275,84;1,54685E-05
7276,38;1,54685E-05
7276,92;1,54685E-05
7277,44;1,54685E-05
7278;1,54685E-05
7278,53;1,54685E-05
7279,08;1,54685E-05
7279,59;1,54685E-05
7280,11;1,54685E-05
7280,64;1,54685E-05
7281,17;1,54685E-05
7281,72;1,54685E-05
7282,23;1,54685E-05
7282,78;1,54685E-05
7283,36;1,54685E-05
7283,89;1,45585E-05
7284,44;1,54685E-05
7284,97;1,54685E-05
7285,52;1,54685E-05
7286,05;1,54685E-05
7286,59;1,54685E-05
7287,16;1,54685E-05
7287,69;1,54685E-05
7288,23;1,54685E-05
7288,77;1,54685E-05
7289,28;1,54685E-05
7289,88;1,54685E-05
7290,45;1,54685E-05
7291,03;1,54685E-05
7291,61;1,54685E-05
7292,13;1,54685E-05
7292,67;1,54685E-05
7293,2;1,54685E-05
7293,75;1,54685E-05
7294,31;1,54685E-05
7294,86;1,54685E-05
7295,42;1,54685E-05
7295,95;1,54685E-05
7296,53;1,54685E-05
7297,06;1,54685E-05
7297,61;1,54685E-05
7298,13;1,54685E-05
7298,69;1,54685E-05
7299,28;1,54685E-05
7299,86;1,54685E-05
7300,38;1,54685E-05
7300,92;1,54685E-05
7301,47;1,54685E-05
7302,02;1,54685E-05
7302,55;1,54685E-05
7303,09;1,54685E-05
7303,66;1,54685E-05
7304,2;1,54685E-05
7304,78;1,54685E-05
7305,3;1,54685E-05
7305,88;1,54685E-05
7306,45;1,54685E-05
7307,03;1,54685E-05
7307,59;1,45585E-05
7308,13;1,54685E-05
7308,67;1,54685E-05
7309,2;1,54685E-05
7309,72;1,45585E-05
7310,27;1,54685E-05
7310,81;1,54685E-05
7311,34;1,54685E-05
7311,88;1,45585E-05
7312,42;1,54685E-05
7312,95;1,54685E-05
7313,5;1,54685E-05
7314,05;1,54685E-05
7314,61;1,54685E-05
7315,17;1,54685E-05
7315,7;1,54685E-05
7316,25;1,54685E-05
7316,77;1,54685E-05
7317,33;1,54685E-05
7317,89;1,45585E-05
7318,42;1,54685E-05
7318,97;1,54685E-05
7319,5;1,54685E-05
7320,05;1,54685E-05
7320,56;1,54685E-05
7321,13;1,54685E-05
7321,72;1,54685E-05
7322,25;1,45585E-05
7322,8;1,54685E-05
7323,31;1,45585E-05
7323,88;1,54685E-05
7324,41;1,45585E-05
7324,94;1,54685E-05
7325,48;1,45585E-05
7326,03;1,54685E-05
7326,56;1,45584E-05
7327,14;1,54685E-05
7327,7;1,54685E-05
7328,23;1,54685E-05
7328,77;1,45585E-05
7329,31;1,54685E-05
7329,89;1,54685E-05
7330,42;1,54685E-05
7330,95;1,54685E-05
7331,5;1,54685E-05
7332,03;1,54685E-05
7332,59;1,45585E-05
7333,16;1,54685E-05
7333,69;1,45585E-05
7334,25;1,54685E-05
7334,78;1,45585E-05
7335,33;1,54685E-05
7335,86;1,45585E-05
7336,41;1,54685E-05
7336,97;1,45585E-05
7337,53;1,54685E-05
7338,11;1,45585E-05
7338,69;1,45585E-05
7339,2;1,54685E-05
7339,75;1,45585E-05
7340,33;1,54685E-05
7340,86;1,45585E-05
7341,41;1,54685E-05
7341,94;1,45585E-05
7342,48;1,54685E-05
7343,02;1,45585E-05
7343,56;1,45585E-05
7344,13;1,45585E-05
7344,66;1,54685E-05
7345,2;1,45585E-05
7345,73;1,54685E-05
7346,25;1,45585E-05
7346,84;1,54685E-05
7347,42;1,45585E-05
7348;1,45585E-05
7348,58;1,45585E-05
7349,13;1,45585E-05
7349,67;1,54685E-05
7350,2;1,45585E-05
7350,78;1,54685E-05
7351,3;1,45585E-05
7351,83;1,45585E-05
7352,39;1,45585E-05
7352,92;1,54685E-05
7353,45;1,45585E-05
7354;1,45585E-05
7354,53;1,45585E-05
7355,09;1,45585E-05
7355,67;1,54685E-05
7356,25;1,45585E-05
7356,83;1,45585E-05
7357,34;1,45585E-05
7357,89;1,45585E-05
7358,44;1,45585E-05
7358,98;1,45585E-05
7359,52;1,45585E-05
7360,06;1,45585E-05
7360,58;1,45585E-05
7361,14;1,45585E-05
7361,67;1,45585E-05
7362,23;1,45585E-05
7362,77;1,45585E-05
7363,34;1,45585E-05
7363,92;1,45585E-05
7364,5;1,45585E-05
7365,08;1,54685E-05
7365,59;1,45585E-05
7366,14;1,45585E-05
7366,67;1,45585E-05
7367,22;1,45585E-05
7367,78;1,45585E-05
7368,31;1,45585E-05
7368,84;1,45585E-05
7393,78;1,45585E-05
7393,8;1,45585E-05
7393,81;1,45585E-05
7393,83;1,45585E-05
7393,83;1,45585E-05
7393,84;1,45585E-05
7393,86;1,45585E-05
7393,88;1,45585E-05
7393,89;1,45585E-05
7393,91;1,45585E-05
7393,91;1,45585E-05
7393,92;1,45585E-05
7393,94;1,45585E-05
7393,95;1,45585E-05
7393,97;1,45585E-05
7393,97;1,45585E-05
7393,98;1,45585E-05
7394;1,45585E-05
7394,02;1,45585E-05
7394,03;1,45585E-05
7394,05;1,45585E-05
7394,05;1,45585E-05
7394,06;1,45585E-05
7394,08;1,45585E-05
7394,09;1,45585E-05
7394,11;1,45585E-05
7394,13;1,45585E-05
7394,13;1,45585E-05
7394,14;1,45585E-05
7394,16;1,45585E-05
7394,17;1,45585E-05
7394,19;1,45585E-05
7394,2;1,45585E-05
7394,22;1,45585E-05
7394,22;1,45585E-05
7394,23;1,45585E-05
7394,25;1,45585E-05
7394,27;1,45585E-05
7394,28;1,45585E-05
7394,3;1,45585E-05
7394,31;1,45585E-05
7394,31;1,45585E-05
7394,33;1,45585E-05
7394,34;1,45585E-05
7394,36;1,45585E-05
7394,38;1,45585E-05
7394,39;1,45585E-05
7394,83;1,45585E-05
7395,36;1,45585E-05
7395,92;1,45585E-05
7396,52;1,45585E-05
7397,08;1,45585E-05
7397,63;1,45585E-05
7398,17;1,45585E-05
7398,7;1,45585E-05
7399,27;1,45585E-05
7399,83;1,45585E-05
7410,25;1,45585E-05
7410,25;1,45585E-05
7410,27;1,45585E-05
7410,28;1,45585E-05
7410,3;1,45585E-05
7410,31;1,45585E-05
7410,31;1,45585E-05
7410,33;1,45585E-05
7410,34;1,45585E-05
7410,36;1,45585E-05
7410,38;1,45585E-05
7410,39;1,45585E-05
7410,39;1,45585E-05
7410,41;1,45585E-05
7410,42;1,45585E-05
7410,44;1,45585E-05
7410,45;1,45585E-05
7410,45;1,45585E-05
7410,47;1,45585E-05
7410,64;1,45585E-05
7411,17;1,45585E-05
7411,72;1,45585E-05
7412,25;1,45585E-05
7412,81;1,45585E-05
7413,41;1,45585E-05
7413,97;1,45585E-05
7414,52;1,45585E-05
7415,05;1,45585E-05
