195,33;-57,23
195,60;-57,23
195,87;-57,23
196,14;-27,23
196,41;2,77
196,68;-8,23
196,95;-1,23
197,22;-5,23
197,49;2,77
197,76;2,77
198,03;-11,23
198,30;7,77
198,57;8,77
198,85;9,77
199,12;6,77
199,39;-4,23
199,66;-9,23
199,93;0,77
200,20;2,77
200,47;-3,23
200,74;2,77
201,01;-8,23
201,28;3,77
201,55;-4,23
201,82;-4,23
202,09;-5,23
202,36;-4,23
202,63;-5,23
202,90;-2,23
203,17;-8,23
203,44;-12,23
203,71;-10,23
203,99;1,77
204,26;-4,23
204,53;27,77
204,80;13,77
205,07;-1,23
205,34;-7,23
205,61;-2,23
205,88;23,77
206,15;8,77
206,42;-16,23
206,69;-16,23
206,96;0,77
207,23;-13,23
207,50;6,77
207,77;-4,23
208,04;-2,23
208,31;4,77
208,58;1,77
208,85;-1,23
209,12;11,77
209,39;-4,23
209,66;-4,23
209,93;-4,23
210,20;6,77
210,47;-5,23
210,74;-12,23
211,01;13,77
211,28;-3,23
211,55;14,77
211,83;4,77
212,10;-4,23
212,37;-11,23
212,64;5,77
212,91;-8,23
213,18;4,77
213,45;11,77
213,72;-2,23
213,99;6,77
214,26;-2,23
214,53;-13,23
214,80;13,77
215,07;-1,23
215,34;7,77
215,61;-0,23
215,88;-5,23
216,15;3,77
216,42;-9,23
216,69;-7,23
216,96;-7,23
217,23;-9,23
217,50;-4,23
217,77;-15,23
218,04;10,77
218,31;3,77
218,58;1,77
218,85;-2,23
219,12;4,77
219,39;-2,23
219,66;1,77
219,93;11,77
220,20;1,77
220,47;-5,23
220,74;-0,23
221,01;8,77
221,28;13,77
221,55;-11,23
221,82;-3,23
222,09;-3,23
222,36;0,77
222,63;0,77
222,90;0,77
223,17;-11,23
223,44;-3,23
223,71;-5,23
223,98;5,77
224,25;3,77
224,52;-9,23
224,79;2,77
225,06;0,77
225,33;-6,23
225,60;-0,23
225,87;5,77
226,14;4,77
226,41;0,77
226,68;4,77
226,94;5,77
227,21;10,77
227,48;-5,23
227,75;-0,23
228,02;-11,23
228,29;-10,23
228,56;1,77
228,83;-1,23
229,10;5,77
229,37;-4,23
229,64;-6,23
229,91;3,77
230,18;-3,23
230,45;-5,23
230,72;-1,23
230,99;-5,23
231,26;-16,23
231,53;3,77
231,80;5,77
232,07;-4,23
232,34;4,77
232,61;-7,23
232,88;-10,23
233,15;-9,23
233,42;6,77
233,69;15,77
233,96;-6,23
234,23;-4,23
234,50;-18,23
234,76;5,77
235,03;3,77
235,30;7,77
235,57;26,77
235,84;-13,23
236,11;0,77
236,38;-14,23
236,65;6,77
236,92;3,77
237,19;-0,23
237,46;-2,23
237,73;0,77
238,00;-0,23
238,27;1,77
238,54;4,77
238,81;0,77
239,08;-10,23
239,35;-1,23
239,62;-11,23
239,88;-1,23
240,15;12,77
240,42;-2,23
240,69;6,77
240,96;-5,23
241,23;-8,23
241,50;-6,23
241,77;2,77
242,04;-10,23
242,31;0,77
242,58;-4,23
242,85;-1,23
243,12;0,77
243,39;9,77
243,66;-4,23
243,92;-16,23
244,19;-4,23
244,46;15,77
244,73;7,77
245,00;-6,23
245,27;31,77
245,54;7,77
245,81;-12,23
246,08;-7,23
246,35;5,77
246,62;2,77
246,89;6,77
247,16;2,77
247,42;2,77
247,69;-3,23
247,96;-4,23
248,23;0,77
248,50;8,77
248,77;-0,23
249,04;-12,23
249,31;-3,23
249,58;-1,23
249,85;-3,23
250,12;-6,23
250,39;4,77
250,65;-1,23
250,92;11,77
251,19;-11,23
251,46;1,77
251,73;-1,23
252,00;7,77
252,27;-4,23
252,54;-12,23
252,81;-6,23
253,08;-7,23
253,34;0,77
253,61;0,77
253,88;-13,23
254,15;-8,23
254,42;-2,23
254,69;-6,23
254,96;-3,23
255,23;-0,23
255,50;4,77
255,77;9,77
256,03;-9,23
256,30;-4,23
256,57;-13,23
256,84;-9,23
257,11;13,77
257,38;2,77
257,65;-16,23
257,92;-8,23
258,18;5,77
258,45;2,77
258,72;12,77
258,99;2,77
259,26;-13,23
259,53;-7,23
259,80;8,77
260,07;8,77
260,34;-1,23
260,60;-11,23
260,87;-11,23
261,14;-11,23
261,41;-17,23
261,68;-9,23
261,95;11,77
262,22;2,77
262,49;7,77
262,75;-3,23
263,02;1,77
263,29;-4,23
263,56;-4,23
263,83;-11,23
264,10;-7,23
264,37;-0,23
264,64;1,77
264,90;-2,23
265,17;3,77
265,44;4,77
265,71;8,77
265,98;-11,23
266,25;6,77
266,52;6,77
266,78;-7,23
267,05;-7,23
267,32;-20,23
267,59;29,77
267,86;2,77
268,13;5,77
268,40;-11,23
268,66;5,77
268,93;-12,23
269,20;-1,23
269,47;-2,23
269,74;-8,23
270,01;-4,23
270,28;7,77
270,54;-7,23
270,81;-5,23
271,08;-7,23
271,35;6,77
271,62;4,77
271,89;-9,23
272,15;-6,23
272,42;-3,23
272,69;-1,23
272,96;17,77
273,23;8,77
273,50;5,77
273,76;-4,23
274,03;-0,23
274,30;1,77
274,57;-3,23
274,84;0,77
275,11;-7,23
275,37;7,77
275,64;14,77
275,91;5,77
276,18;3,77
276,45;-3,23
276,72;7,77
276,98;1,77
277,25;-11,23
277,52;-16,23
277,79;-1,23
278,06;0,77
278,33;-8,23
278,59;-4,23
278,86;3,77
279,13;-8,23
279,40;-4,23
279,67;-9,23
279,94;2,77
280,20;13,77
280,47;10,77
280,74;-9,23
281,01;-5,23
281,28;-1,23
281,54;1,77
281,81;-10,23
282,08;-1,23
282,35;5,77
282,62;11,77
282,88;-9,23
283,15;2,77
283,42;-9,23
283,69;-2,23
283,96;-2,23
284,23;5,77
284,49;1,77
284,76;-5,23
285,03;6,77
285,30;-11,23
285,57;-2,23
285,83;-17,23
286,10;3,77
286,37;-14,23
286,64;-1,23
286,91;1,77
287,17;-2,23
287,44;-5,23
287,71;-2,23
287,98;-0,23
288,25;-11,23
288,51;2,77
288,78;2,77
289,05;-2,23
289,32;-6,23
289,59;4,77
289,85;8,77
290,12;-5,23
290,39;-8,23
290,66;-6,23
290,92;-1,23
291,19;-3,23
291,46;6,77
291,73;-7,23
292,00;7,77
292,26;2,77
292,53;7,77
292,80;-2,23
293,07;-6,23
293,34;-3,23
293,60;3,77
293,87;1,77
294,14;-10,23
294,41;-0,23
294,67;0,77
294,94;-8,23
295,21;-14,23
295,48;0,77
295,74;7,77
296,01;5,77
296,28;5,77
296,55;5,77
296,82;4,77
297,08;-6,23
297,35;-8,23
297,62;1,77
297,89;-15,23
298,15;-2,23
298,42;-4,23
298,69;-0,23
298,96;5,77
299,22;-1,23
299,49;-1,23
299,76;-7,23
300,03;-2,23
300,29;1,77
300,56;2,77
300,83;-0,23
301,10;13,77
301,37;-1,23
301,63;-5,23
301,90;-3,23
302,17;-6,23
302,44;-1,23
302,70;0,77
302,97;11,77
303,24;15,77
303,51;3,77
303,77;11,77
304,04;13,77
304,31;-4,23
304,58;0,77
304,84;-6,23
305,11;10,77
305,38;8,77
305,65;3,77
305,91;-10,23
306,18;-14,23
306,45;-12,23
306,71;-8,23
306,98;-3,23
307,25;9,77
307,52;7,77
307,78;-6,23
308,05;-1,23
308,32;16,77
308,59;-4,23
308,85;-10,23
309,12;-10,23
309,39;-6,23
309,66;4,77
309,92;-1,23
310,19;-7,23
310,46;-4,23
310,72;-7,23
310,99;-4,23
311,26;-1,23
311,53;-3,23
311,79;-10,23
312,06;-9,23
312,33;-0,23
312,60;3,77
312,86;-2,23
313,13;5,77
313,40;4,77
313,66;5,77
313,93;7,77
314,20;-0,23
314,47;-7,23
314,73;-8,23
315,00;-4,23
315,27;1,77
315,53;-2,23
315,80;-3,23
316,07;-4,23
316,34;7,77
316,60;4,77
316,87;-11,23
317,14;-10,23
317,40;4,77
317,67;-4,23
317,94;9,77
318,20;-5,23
318,47;-15,23
318,74;-6,23
319,01;1,77
319,27;-13,23
319,54;1,77
319,81;-5,23
320,07;1,77
320,34;-9,23
320,61;8,77
320,87;-5,23
321,14;-1,23
321,41;10,77
321,68;5,77
321,94;8,77
322,21;-6,23
322,48;7,77
322,74;0,77
323,01;0,77
323,28;-6,23
323,54;-0,23
323,81;13,77
324,08;-2,23
324,34;-6,23
324,61;-3,23
324,88;-1,23
325,15;-4,23
325,41;-2,23
325,68;-11,23
325,95;3,77
326,21;-15,23
326,48;-7,23
326,75;0,77
327,01;-0,23
327,28;-10,23
327,55;-9,23
327,81;-2,23
328,08;5,77
328,35;-3,23
328,61;3,77
328,88;0,77
329,15;11,77
329,41;7,77
329,68;-9,23
329,95;-4,23
330,21;7,77
330,48;-16,23
330,75;-9,23
331,01;-4,23
331,28;1,77
331,55;-7,23
331,81;-12,23
332,08;-2,23
332,35;1,77
332,61;-0,23
332,88;-4,23
333,15;-3,23
333,41;-8,23
333,68;-10,23
333,95;-4,23
334,21;-0,23
334,48;3,77
334,75;7,77
335,01;0,77
335,28;-7,23
335,55;7,77
335,81;-3,23
336,08;14,77
336,34;1,77
336,61;1,77
336,88;-4,23
337,14;-7,23
337,41;-13,23
337,68;8,77
337,94;6,77
338,21;-9,23
338,48;-1,23
338,74;-9,23
339,01;-1,23
339,28;-8,23
339,54;-10,23
339,81;-9,23
340,07;-2,23
340,34;-13,23
340,61;-15,23
340,87;2,77
341,14;-6,23
341,41;-20,23
341,67;-17,23
341,94;-17,23
342,21;-0,23
342,47;-13,23
342,74;-1,23
343,00;4,77
343,27;5,77
343,54;6,77
343,80;4,77
344,07;-12,23
344,34;-2,23
344,60;3,77
344,87;-0,23
345,13;15,77
345,40;0,77
345,67;-6,23
345,93;-7,23
346,20;1,77
346,47;2,77
346,73;0,77
347,00;-4,23
347,26;2,77
347,53;-3,23
347,80;-5,23
348,06;-3,23
348,33;-11,23
348,59;-13,23
348,86;0,77
349,13;5,77
349,39;-6,23
349,66;3,77
349,93;-4,23
350,19;-6,23
350,46;-5,23
350,72;2,77
350,99;-9,23
351,26;-10,23
351,52;-7,23
351,79;-25,23
352,05;-9,23
352,32;13,77
352,59;1,77
352,85;-2,23
353,12;3,77
353,38;7,77
353,65;5,77
353,92;-12,23
354,18;-3,23
354,45;-0,23
354,71;-4,23
354,98;-11,23
355,24;3,77
355,51;2,77
355,78;0,77
356,04;6,77
356,31;9,77
356,57;-9,23
356,84;-13,23
357,11;-10,23
357,37;-15,23
357,64;-0,23
357,90;-9,23
358,17;-0,23
358,44;-15,23
358,70;-8,23
358,97;-11,23
359,23;17,77
359,50;-8,23
359,76;3,77
360,03;2,77
360,30;-3,23
360,56;-17,23
360,83;-9,23
361,09;-2,23
361,36;14,77
361,62;-10,23
361,89;-13,23
362,16;4,77
362,42;-5,23
362,69;8,77
362,95;-12,23
363,22;5,77
363,48;0,77
363,75;-2,23
364,02;7,77
364,28;7,77
364,55;-8,23
364,81;-5,23
365,08;-7,23
365,34;2,77
365,61;-10,23
365,87;-6,23
366,14;10,77
366,41;4,77
366,67;-0,23
366,94;-0,23
367,20;-12,23
367,47;1,77
367,73;-0,23
368,00;-0,23
368,26;-10,23
368,53;11,77
368,80;-0,23
369,06;-7,23
369,33;3,77
369,59;7,77
369,86;10,77
370,12;-5,23
370,39;-9,23
370,65;-5,23
370,92;-8,23
371,18;-4,23
371,45;11,77
371,72;15,77
371,98;8,77
372,25;1,77
372,51;-6,23
372,78;-0,23
373,04;6,77
373,31;13,77
373,57;-2,23
373,84;6,77
374,10;2,77
374,37;-0,23
374,63;-3,23
374,90;0,77
375,16;-7,23
375,43;1,77
375,70;3,77
375,96;-0,23
376,23;4,77
376,49;2,77
376,76;-4,23
377,02;0,77
377,29;-1,23
377,55;-6,23
377,82;-19,23
378,08;-4,23
378,35;16,77
378,61;2,77
378,88;-4,23
379,14;-0,23
379,41;-1,23
379,67;-7,23
379,94;-15,23
380,20;3,77
380,47;4,77
380,73;27,77
381,00;16,77
381,26;-9,23
381,53;-4,23
381,79;-8,23
382,06;4,77
382,32;-0,23
382,59;-0,23
382,85;2,77
383,12;5,77
383,39;2,77
383,65;3,77
383,92;0,77
384,18;-8,23
384,45;-15,23
384,71;5,77
384,98;10,77
385,24;6,77
385,51;0,77
385,77;13,77
386,03;3,77
386,30;-1,23
386,56;2,77
386,83;-6,23
387,09;3,77
387,36;9,77
387,62;-9,23
387,89;4,77
388,15;-1,23
388,42;-5,23
388,68;-4,23
388,95;-9,23
389,21;-3,23
389,48;-11,23
389,74;-4,23
390,01;-8,23
390,27;-1,23
390,54;-0,23
390,80;3,77
391,07;-4,23
391,33;-15,23
391,60;-10,23
391,86;3,77
392,13;-1,23
392,39;10,77
392,66;-4,23
392,92;2,77
393,19;-0,23
393,45;-5,23
393,72;-11,23
393,98;-5,23
394,24;-8,23
394,51;-7,23
394,77;-0,23
395,04;9,77
395,30;-7,23
395,57;14,77
395,83;12,77
396,10;12,77
396,36;-6,23
396,63;-3,23
396,89;3,77
397,16;-5,23
397,42;7,77
397,69;-5,23
397,95;-2,23
398,21;-2,23
398,48;3,77
398,74;1,77
399,01;3,77
399,27;-7,23
399,54;-17,23
399,80;1,77
400,07;-5,23
400,33;3,77
400,60;3,77
400,86;15,77
401,12;10,77
401,39;10,77
401,65;3,77
401,92;11,77
402,18;2,77
402,45;0,77
402,71;-2,23
402,98;2,77
403,24;-1,23
403,50;5,77
403,77;-13,23
404,03;-1,23
404,30;10,77
404,56;11,77
404,83;14,77
405,09;4,77
405,35;2,77
405,62;5,77
405,88;-13,23
406,15;5,77
406,41;-16,23
406,68;-9,23
406,94;4,77
407,21;-1,23
407,47;5,77
407,73;0,77
408,00;4,77
408,26;0,77
408,53;-1,23
408,79;5,77
409,05;-4,23
409,32;-4,23
409,58;-0,23
409,85;3,77
410,11;-1,23
410,38;4,77
410,64;2,77
410,90;5,77
411,17;4,77
411,43;0,77
411,70;-1,23
411,96;-1,23
412,23;3,77
412,49;4,77
412,75;1,77
413,02;-2,23
413,28;6,77
413,55;5,77
413,81;1,77
414,07;0,77
414,34;-0,23
414,60;3,77
414,87;-0,23
415,13;15,77
415,39;9,77
415,66;-0,23
415,92;13,77
416,19;1,77
416,45;15,77
416,71;11,77
416,98;2,77
417,24;-0,23
417,51;-4,23
417,77;-0,23
418,03;13,77
418,30;11,77
418,56;6,77
418,83;11,77
419,09;-11,23
419,35;-5,23
419,62;11,77
419,88;6,77
420,15;4,77
420,41;10,77
420,67;14,77
420,94;-7,23
421,20;-2,23
421,46;4,77
421,73;-4,23
421,99;-13,23
422,26;5,77
422,52;4,77
422,78;-1,23
423,05;-1,23
423,31;13,77
423,58;-3,23
423,84;-6,23
424,10;3,77
424,37;10,77
424,63;2,77
424,89;-1,23
425,16;2,77
425,42;11,77
425,69;8,77
425,95;3,77
426,21;5,77
426,48;0,77
426,74;-5,23
427,00;13,77
427,27;1,77
427,53;18,77
427,79;-4,23
428,06;-11,23
428,32;-1,23
428,59;0,77
428,85;4,77
429,11;3,77
429,38;11,77
429,64;7,77
429,90;6,77
430,17;9,77
430,43;2,77
430,69;14,77
430,96;5,77
431,22;-8,23
431,49;-3,23
431,75;-3,23
432,01;-4,23
432,28;0,77
432,54;2,77
432,80;14,77
433,07;-0,23
433,33;8,77
433,59;2,77
433,86;-1,23
434,12;3,77
434,38;15,77
434,65;-8,23
434,91;3,77
435,17;8,77
435,44;9,77
435,70;-1,23
435,96;10,77
436,23;2,77
436,49;11,77
436,75;19,77
437,02;5,77
437,28;10,77
437,54;-0,23
437,81;7,77
438,07;14,77
438,33;17,77
438,60;11,77
438,86;-4,23
439,12;6,77
439,39;1,77
439,65;15,77
439,91;8,77
440,18;8,77
440,44;13,77
440,70;22,77
440,97;15,77
441,23;14,77
441,49;23,77
441,76;17,77
442,02;27,77
442,28;30,77
442,55;27,77
442,81;26,77
443,07;29,77
443,34;19,77
443,60;26,77
443,86;33,77
444,12;41,77
444,39;38,77
444,65;43,77
444,91;38,77
445,18;43,77
445,44;23,77
445,70;36,77
445,97;55,77
446,23;45,77
446,49;60,77
446,76;49,77
447,02;43,77
447,28;69,77
447,54;58,77
447,81;58,77
448,07;75,77
448,33;63,77
448,60;75,77
448,86;84,77
449,12;85,77
449,39;82,77
449,65;76,77
449,91;80,77
450,17;81,77
450,44;89,77
450,70;98,77
450,96;80,77
451,23;95,77
451,49;111,77
451,75;110,77
452,02;123,77
452,28;125,77
452,54;138,77
452,80;133,77
453,07;139,77
453,33;136,77
453,59;143,77
453,86;150,77
454,12;158,77
454,38;179,77
454,64;168,77
454,91;169,77
455,17;166,77
455,43;174,77
455,69;208,77
455,96;202,77
456,22;186,77
456,48;189,77
456,75;199,77
457,01;214,77
457,27;214,77
457,53;220,77
457,80;217,77
458,06;224,77
458,32;210,77
458,58;221,77
458,85;239,77
459,11;215,77
459,37;214,77
459,64;204,77
459,90;212,77
460,16;207,77
460,42;217,77
460,69;222,77
460,95;211,77
461,21;192,77
461,47;214,77
461,74;193,77
462,00;186,77
462,26;207,77
462,52;195,77
462,79;191,77
463,05;184,77
463,31;193,77
463,57;171,77
463,84;179,77
464,10;178,77
464,36;170,77
464,62;177,77
464,89;184,77
465,15;176,77
465,41;189,77
465,67;177,77
465,94;189,77
466,20;171,77
466,46;183,77
466,72;177,77
466,99;173,77
467,25;167,77
467,51;171,77
467,77;164,77
468,04;165,77
468,30;183,77
468,56;161,77
468,82;183,77
469,08;199,77
469,35;181,77
469,61;181,77
469,87;198,77
470,13;210,77
470,40;191,77
470,66;176,77
470,92;186,77
471,18;201,77
471,45;186,77
471,71;196,77
471,97;184,77
472,23;188,77
472,49;192,77
472,76;197,77
473,02;205,77
473,28;220,77
473,54;201,77
473,81;211,77
474,07;213,77
474,33;225,77
474,59;222,77
474,85;211,77
475,12;190,77
475,38;190,77
475,64;192,77
475,90;199,77
476,16;220,77
476,43;214,77
476,69;202,77
476,95;199,77
477,21;208,77
477,48;222,77
477,74;212,77
478,00;233,77
478,26;214,77
478,52;204,77
478,79;214,77
479,05;178,77
479,31;207,77
479,57;231,77
479,83;219,77
480,10;200,77
480,36;214,77
480,62;209,77
480,88;183,77
481,14;202,77
481,41;195,77
481,67;202,77
481,93;210,77
482,19;195,77
482,45;191,77
482,71;212,77
482,98;202,77
483,24;216,77
483,50;196,77
483,76;210,77
484,02;199,77
484,29;201,77
484,55;204,77
484,81;217,77
485,07;204,77
485,33;214,77
485,60;217,77
485,86;231,77
486,12;206,77
486,38;224,77
486,64;210,77
486,90;235,77
487,17;223,77
487,43;234,77
487,69;239,77
487,95;240,77
488,21;256,77
488,47;244,77
488,74;239,77
489,00;236,77
489,26;253,77
489,52;237,77
489,78;251,77
490,04;272,77
490,31;285,77
490,57;280,77
490,83;276,77
491,09;245,77
491,35;259,77
491,61;263,77
491,88;283,77
492,14;289,77
492,40;276,77
492,66;284,77
492,92;287,77
493,18;266,77
493,45;295,77
493,71;318,77
493,97;303,77
494,23;302,77
494,49;309,77
494,75;295,77
495,01;301,77
495,28;316,77
495,54;327,77
495,80;314,77
496,06;319,77
496,32;340,77
496,58;328,77
496,85;332,77
497,11;350,77
497,37;346,77
497,63;347,77
497,89;356,77
498,15;348,77
498,41;356,77
498,68;351,77
498,94;361,77
499,20;367,77
499,46;393,77
499,72;392,77
499,98;371,77
500,24;398,77
500,50;400,77
500,77;414,77
501,03;398,77
501,29;437,77
501,55;445,77
501,81;446,77
502,07;483,77
502,33;470,77
502,59;481,77
502,86;468,77
503,12;509,77
503,38;494,77
503,64;497,77
503,90;526,77
504,16;543,77
504,42;547,77
504,68;554,77
504,95;569,77
505,21;600,77
505,47;597,77
505,73;591,77
505,99;603,77
506,25;612,77
506,51;614,77
506,77;646,77
507,04;661,77
507,30;654,77
507,56;676,77
507,82;684,77
508,08;678,77
508,34;687,77
508,60;713,77
508,86;735,77
509,12;746,77
509,38;790,77
509,65;787,77
509,91;785,77
510,17;806,77
510,43;817,77
510,69;834,77
510,95;829,77
511,21;853,77
511,47;870,77
511,73;895,77
511,99;891,77
512,26;926,77
512,52;919,77
512,78;904,77
513,04;952,77
513,30;969,77
513,56;975,77
513,82;999,77
514,08;1025,77
514,34;1032,77
514,60;1057,77
514,86;1082,77
515,13;1094,77
515,39;1102,77
515,65;1111,77
515,91;1130,77
516,17;1142,77
516,43;1145,77
516,69;1177,77
516,95;1204,77
517,21;1217,77
517,47;1199,77
517,73;1226,77
517,99;1222,77
518,26;1253,77
518,52;1268,77
518,78;1308,77
519,04;1311,77
519,30;1309,77
519,56;1329,77
519,82;1366,77
520,08;1389,77
520,34;1365,77
520,60;1409,77
520,86;1444,77
521,12;1468,77
521,38;1449,77
521,64;1493,77
521,91;1498,77
522,17;1514,77
522,43;1516,77
522,69;1576,77
522,95;1577,77
523,21;1614,77
523,47;1577,77
523,73;1635,77
523,99;1639,77
524,25;1657,77
524,51;1726,77
524,77;1701,77
525,03;1710,77
525,29;1765,77
525,55;1765,77
525,81;1787,77
526,07;1802,77
526,33;1794,77
526,60;1799,77
526,86;1845,77
527,12;1826,77
527,38;1879,77
527,64;1917,77
527,90;1955,77
528,16;1918,77
528,42;1965,77
528,68;1969,77
528,94;1997,77
529,20;2001,77
529,46;2012,77
529,72;2061,77
529,98;2073,77
530,24;2085,77
530,50;2084,77
530,76;2136,77
531,02;2176,77
531,28;2127,77
531,54;2186,77
531,80;2217,77
532,06;2192,77
532,32;2223,77
532,58;2256,77
532,84;2224,77
533,10;2240,77
533,36;2238,77
533,62;2280,77
533,89;2273,77
534,15;2317,77
534,41;2316,77
534,67;2332,77
534,93;2379,77
535,19;2401,77
535,45;2443,77
535,71;2393,77
535,97;2416,77
536,23;2433,77
536,49;2477,77
536,75;2497,77
537,01;2527,77
537,27;2505,77
537,53;2555,77
537,79;2556,77
538,05;2569,77
538,31;2616,77
538,57;2613,77
538,83;2612,77
539,09;2635,77
539,35;2646,77
539,61;2647,77
539,87;2679,77
540,13;2705,77
540,39;2697,77
540,65;2718,77
540,91;2741,77
541,17;2763,77
541,43;2787,77
541,69;2759,77
541,95;2819,77
542,21;2793,77
542,47;2849,77
542,73;2831,77
542,99;2830,77
543,25;2826,77
543,51;2854,77
543,77;2908,77
544,03;2918,77
544,29;2917,77
544,55;2957,77
544,81;2977,77
545,07;2990,77
545,33;2997,77
545,59;3023,77
545,85;3043,77
546,11;2978,77
546,37;3061,77
546,63;3044,77
546,89;3092,77
547,15;3077,77
547,41;3141,77
547,67;3107,77
547,93;3137,77
548,19;3127,77
548,45;3175,77
548,71;3218,77
548,97;3211,77
549,22;3264,77
549,48;3264,77
549,74;3174,77
550,00;3292,77
550,26;3270,77
550,52;3302,77
550,78;3302,77
551,04;3312,77
551,30;3301,77
551,56;3318,77
551,82;3336,77
552,08;3398,77
552,34;3393,77
552,60;3401,77
552,86;3413,77
553,12;3373,77
553,38;3368,77
553,64;3463,77
553,90;3504,77
554,16;3457,77
554,42;3475,77
554,68;3504,77
554,94;3542,77
555,20;3538,77
555,46;3549,77
555,72;3537,77
555,98;3583,77
556,23;3565,77
556,49;3601,77
556,75;3594,77
557,01;3640,77
557,27;3666,77
557,53;3647,77
557,79;3688,77
558,05;3679,77
558,31;3722,77
558,57;3735,77
558,83;3719,77
559,09;3719,77
559,35;3751,77
559,61;3772,77
559,87;3743,77
560,13;3762,77
560,39;3779,77
560,65;3789,77
560,90;3810,77
561,16;3813,77
561,42;3845,77
561,68;3820,77
561,94;3849,77
562,20;3864,77
562,46;3881,77
562,72;3881,77
562,98;3924,77
563,24;3965,77
563,50;3905,77
563,76;3898,77
564,02;3982,77
564,28;3971,77
564,53;3944,77
564,79;3954,77
565,05;4013,77
565,31;3957,77
565,57;3984,77
565,83;3998,77
566,09;4014,77
566,35;4032,77
566,61;4034,77
566,87;4069,77
567,13;4044,77
567,39;4018,77
567,64;4069,77
567,90;4047,77
568,16;4041,77
568,42;4121,77
568,68;4103,77
568,94;4146,77
569,20;4107,77
569,46;4091,77
569,72;4085,77
569,98;4146,77
570,24;4126,77
570,49;4087,77
570,75;4138,77
571,01;4124,77
571,27;4147,77
571,53;4155,77
571,79;4200,77
572,05;4190,77
572,31;4215,77
572,57;4222,77
572,83;4195,77
573,08;4230,77
573,34;4235,77
573,60;4183,77
573,86;4235,77
574,12;4216,77
574,38;4223,77
574,64;4234,77
574,90;4211,77
575,16;4242,77
575,41;4299,77
575,67;4227,77
575,93;4242,77
576,19;4243,77
576,45;4229,77
576,71;4255,77
576,97;4287,77
577,23;4245,77
577,49;4293,77
577,74;4214,77
578,00;4208,77
578,26;4242,77
578,52;4266,77
578,78;4289,77
579,04;4269,77
579,30;4256,77
579,56;4250,77
579,81;4270,77
580,07;4278,77
580,33;4339,77
580,59;4354,77
580,85;4279,77
581,11;4338,77
581,37;4307,77
581,63;4310,77
581,88;4257,77
582,14;4331,77
582,40;4239,77
582,66;4270,77
582,92;4265,77
583,18;4266,77
583,44;4229,77
583,69;4320,77
583,95;4334,77
584,21;4310,77
584,47;4319,77
584,73;4288,77
584,99;4260,77
585,25;4266,77
585,50;4248,77
585,76;4245,77
586,02;4283,77
586,28;4231,77
586,54;4213,77
586,80;4227,77
587,06;4229,77
587,31;4248,77
587,57;4247,77
587,83;4243,77
588,09;4196,77
588,35;4238,77
588,61;4223,77
588,86;4225,77
589,12;4173,77
589,38;4196,77
589,64;4214,77
589,90;4250,77
590,16;4184,77
590,42;4147,77
590,67;4181,77
590,93;4162,77
591,19;4142,77
591,45;4162,77
591,71;4083,77
591,97;4120,77
592,22;4125,77
592,48;4148,77
592,74;4141,77
593,00;4127,77
593,26;4137,77
593,52;4103,77
593,77;4064,77
594,03;4058,77
594,29;4067,77
594,55;4036,77
594,81;4068,77
595,06;4047,77
595,32;4074,77
595,58;4024,77
595,84;4030,77
596,10;4038,77
596,36;3973,77
596,61;3984,77
596,87;3997,77
597,13;4013,77
597,39;3918,77
597,65;3956,77
597,90;3986,77
598,16;3886,77
598,42;3886,77
598,68;3891,77
598,94;3882,77
599,20;3894,77
599,45;3859,77
599,71;3827,77
599,97;3871,77
600,23;3903,77
600,49;3845,77
600,74;3838,77
601,00;3770,77
601,26;3807,77
601,52;3748,77
601,78;3784,77
602,03;3772,77
602,29;3792,77
602,55;3706,77
602,81;3750,77
603,07;3731,77
603,32;3751,77
603,58;3722,77
603,84;3723,77
604,10;3690,77
604,36;3729,77
604,61;3657,77
604,87;3637,77
605,13;3662,77
605,39;3684,77
605,64;3692,77
605,90;3571,77
606,16;3570,77
606,42;3594,77
606,68;3572,77
606,93;3534,77
607,19;3568,77
607,45;3554,77
607,71;3512,77
607,97;3527,77
608,22;3477,77
608,48;3479,77
608,74;3463,77
609,00;3436,77
609,25;3408,77
609,51;3459,77
609,77;3423,77
610,03;3368,77
610,29;3338,77
610,54;3401,77
610,80;3369,77
611,06;3409,77
611,32;3335,77
611,57;3340,77
611,83;3318,77
612,09;3297,77
612,35;3293,77
612,60;3310,77
612,86;3282,77
613,12;3298,77
613,38;3319,77
613,63;3303,77
613,89;3231,77
614,15;3237,77
614,41;3214,77
614,66;3187,77
614,92;3184,77
615,18;3190,77
615,44;3137,77
615,70;3181,77
615,95;3126,77
616,21;3173,77
616,47;3151,77
616,73;3106,77
616,98;3099,77
617,24;3103,77
617,50;3122,77
617,76;3090,77
618,01;3065,77
618,27;3098,77
618,53;3028,77
618,78;3013,77
619,04;3034,77
619,30;2995,77
619,56;2973,77
619,81;2986,77
620,07;3005,77
620,33;2970,77
620,59;2936,77
620,84;2935,77
621,10;2897,77
621,36;2880,77
621,62;2914,77
621,87;2950,77
622,13;2900,77
622,39;2901,77
622,65;2895,77
622,90;2855,77
623,16;2829,77
623,42;2864,77
623,67;2806,77
623,93;2780,77
624,19;2761,77
624,45;2822,77
624,70;2796,77
624,96;2752,77
625,22;2709,77
625,48;2758,77
625,73;2728,77
625,99;2692,77
626,25;2660,77
626,50;2653,77
626,76;2648,77
627,02;2667,77
627,28;2581,77
627,53;2614,77
627,79;2575,77
628,05;2577,77
628,30;2617,77
628,56;2624,77
628,82;2591,77
629,08;2591,77
629,33;2545,77
629,59;2512,77
629,85;2561,77
630,10;2493,77
630,36;2534,77
630,62;2508,77
630,87;2493,77
631,13;2498,77
631,39;2433,77
631,65;2473,77
631,90;2459,77
632,16;2430,77
632,42;2415,77
632,67;2433,77
632,93;2379,77
633,19;2345,77
633,44;2339,77
633,70;2367,77
633,96;2366,77
634,22;2350,77
634,47;2324,77
634,73;2315,77
634,99;2294,77
635,24;2273,77
635,50;2244,77
635,76;2205,77
636,01;2252,77
636,27;2235,77
636,53;2247,77
636,78;2169,77
637,04;2183,77
637,30;2191,77
637,55;2155,77
637,81;2115,77
638,07;2105,77
638,32;2161,77
638,58;2158,77
638,84;2140,77
639,09;2096,77
639,35;2095,77
639,61;2128,77
639,86;2083,77
640,12;2078,77
640,38;2065,77
640,64;2038,77
640,89;1987,77
641,15;1983,77
641,41;2014,77
641,66;1987,77
641,92;2019,77
642,18;1978,77
642,43;1945,77
642,69;1897,77
642,94;1921,77
643,20;1944,77
643,46;1942,77
643,71;1899,77
643,97;1884,77
644,23;1846,77
644,48;1849,77
644,74;1822,77
645,00;1873,77
645,25;1827,77
645,51;1801,77
645,77;1816,77
646,02;1843,77
646,28;1824,77
646,54;1789,77
646,79;1777,77
647,05;1768,77
647,31;1747,77
647,56;1745,77
647,82;1741,77
648,08;1707,77
648,33;1684,77
648,59;1667,77
648,84;1659,77
649,10;1690,77
649,36;1676,77
649,61;1677,77
649,87;1650,77
650,13;1628,77
650,38;1605,77
650,64;1615,77
650,90;1594,77
651,15;1598,77
651,41;1551,77
651,66;1554,77
651,92;1559,77
652,18;1540,77
652,43;1549,77
652,69;1521,77
652,95;1487,77
653,20;1511,77
653,46;1523,77
653,72;1473,77
653,97;1479,77
654,23;1465,77
654,48;1462,77
654,74;1464,77
655,00;1426,77
655,25;1389,77
655,51;1397,77
655,76;1396,77
656,02;1412,77
656,28;1395,77
656,53;1379,77
656,79;1387,77
657,05;1350,77
657,30;1356,77
657,56;1342,77
657,81;1326,77
658,07;1320,77
658,33;1304,77
658,58;1300,77
658,84;1346,77
659,09;1295,77
659,35;1288,77
659,61;1289,77
659,86;1279,77
660,12;1266,77
660,37;1239,77
660,63;1239,77
660,89;1253,77
661,14;1218,77
661,40;1218,77
661,65;1211,77
661,91;1168,77
662,17;1195,77
662,42;1208,77
662,68;1169,77
662,93;1187,77
663,19;1146,77
663,45;1153,77
663,70;1138,77
663,96;1129,77
664,21;1105,77
664,47;1115,77
664,73;1122,77
664,98;1075,77
665,24;1074,77
665,49;1084,77
665,75;1069,77
666,00;1089,77
666,26;1093,77
666,52;1083,77
666,77;1051,77
667,03;1051,77
667,28;1057,77
667,54;1035,77
667,80;1038,77
668,05;998,77
668,31;1012,77
668,56;1006,77
668,82;981,77
669,07;985,77
669,33;978,77
669,59;978,77
669,84;949,77
670,10;938,77
670,35;952,77
670,61;948,77
670,86;967,77
671,12;951,77
671,38;954,77
671,63;926,77
671,89;880,77
672,14;930,77
672,40;901,77
672,65;905,77
672,91;913,77
673,16;891,77
673,42;887,77
673,68;864,77
673,93;869,77
674,19;844,77
674,44;859,77
674,70;877,77
674,95;832,77
675,21;822,77
675,46;808,77
675,72;825,77
675,98;832,77
676,23;791,77
676,49;824,77
676,74;792,77
677,00;782,77
677,25;776,77
677,51;785,77
677,76;786,77
678,02;772,77
678,27;781,77
678,53;731,77
678,79;749,77
679,04;752,77
679,30;746,77
679,55;728,77
679,81;715,77
680,06;738,77
680,32;722,77
680,57;742,77
680,83;715,77
681,08;703,77
681,34;676,77
681,59;697,77
681,85;706,77
682,10;698,77
682,36;688,77
682,62;680,77
682,87;673,77
683,13;673,77
683,38;649,77
683,64;642,77
683,89;631,77
684,15;649,77
684,40;670,77
684,66;666,77
684,91;638,77
685,17;634,77
685,42;647,77
685,68;610,77
685,93;594,77
686,19;634,77
686,44;596,77
686,70;609,77
686,95;601,77
687,21;579,77
687,46;594,77
687,72;585,77
687,97;571,77
688,23;580,77
688,48;597,77
688,74;552,77
688,99;563,77
689,25;570,77
689,50;542,77
689,76;572,77
690,01;571,77
690,27;552,77
690,52;534,77
690,78;548,77
691,03;564,77
691,29;554,77
691,54;540,77
691,80;534,77
692,05;517,77
692,31;518,77
692,56;528,77
692,82;508,77
693,07;494,77
693,33;510,77
693,58;495,77
693,84;490,77
694,09;462,77
694,35;481,77
694,60;488,77
694,86;493,77
695,11;474,77
695,37;477,77
695,62;468,77
695,88;471,77
696,13;435,77
696,39;455,77
696,64;458,77
696,90;460,77
697,15;433,77
697,41;450,77
697,66;449,77
697,92;443,77
698,17;427,77
698,42;447,77
698,68;453,77
698,93;421,77
699,19;422,77
699,44;434,77
699,70;412,77
699,95;413,77
700,21;407,77
700,46;409,77
700,72;417,77
700,97;407,77
701,23;407,77
701,48;399,77
701,74;406,77
701,99;404,77
702,24;393,77
702,50;377,77
702,75;371,77
703,01;385,77
703,26;370,77
703,52;389,77
703,77;382,77
704,03;385,77
704,28;364,77
704,54;372,77
704,79;364,77
705,04;352,77
705,30;347,77
705,55;347,77
705,81;367,77
706,06;337,77
706,32;339,77
706,57;346,77
706,83;341,77
707,08;347,77
707,33;336,77
707,59;333,77
707,84;323,77
708,10;320,77
708,35;314,77
708,61;328,77
708,86;311,77
709,11;333,77
709,37;324,77
709,62;303,77
709,88;310,77
710,13;314,77
710,39;309,77
710,64;298,77
710,90;310,77
711,15;298,77
711,40;289,77
711,66;301,77
711,91;294,77
712,17;278,77
712,42;289,77
712,67;271,77
712,93;310,77
713,18;286,77
713,44;272,77
713,69;270,77
713,95;284,77
714,20;273,77
714,45;257,77
714,71;269,77
714,96;243,77
715,22;255,77
715,47;261,77
715,72;251,77
715,98;253,77
716,23;243,77
716,49;259,77
716,74;259,77
717,00;237,77
717,25;247,77
717,50;236,77
717,76;254,77
718,01;251,77
718,27;254,77
718,52;239,77
718,77;240,77
719,03;243,77
719,28;229,77
719,54;218,77
719,79;222,77
720,04;227,77
720,30;225,77
720,55;221,77
720,81;225,77
721,06;223,77
721,31;217,77
721,57;202,77
721,82;202,77
722,07;211,77
722,33;212,77
722,58;214,77
722,84;215,77
723,09;210,77
723,34;213,77
723,60;222,77
723,85;196,77
724,11;217,77
724,36;201,77
724,61;198,77
724,87;200,77
725,12;189,77
725,37;184,77
725,63;182,77
725,88;199,77
726,14;192,77
726,39;198,77
726,64;170,77
726,90;189,77
727,15;183,77
727,40;158,77
727,66;178,77
727,91;169,77
728,17;183,77
728,42;174,77
728,67;169,77
728,93;166,77
729,18;177,77
729,43;163,77
729,69;170,77
729,94;169,77
730,20;157,77
730,45;145,77
730,70;159,77
730,96;167,77
731,21;165,77
731,46;163,77
731,72;163,77
731,97;150,77
732,22;156,77
732,48;151,77
732,73;153,77
732,98;143,77
733,24;143,77
733,49;155,77
733,74;160,77
734,00;130,77
734,25;145,77
734,51;151,77
734,76;140,77
735,01;119,77
735,27;117,77
735,52;132,77
735,77;130,77
736,03;135,77
736,28;141,77
736,53;134,77
736,79;127,77
737,04;128,77
737,29;131,77
737,55;119,77
737,80;109,77
738,05;118,77
738,31;129,77
738,56;112,77
738,81;118,77
739,07;117,77
739,32;118,77
739,57;119,77
739,83;139,77
740,08;130,77
740,33;128,77
740,59;130,77
740,84;118,77
741,09;125,77
741,35;133,77
741,60;112,77
741,85;100,77
742,10;110,77
742,36;103,77
742,61;109,77
742,86;93,77
743,12;93,77
743,37;108,77
743,62;101,77
743,88;106,77
744,13;102,77
744,38;99,77
744,64;105,77
744,89;101,77
745,14;102,77
745,40;98,77
745,65;91,77
745,90;95,77
746,15;86,77
746,41;97,77
746,66;96,77
746,91;81,77
747,17;91,77
747,42;98,77
747,67;82,77
747,93;83,77
748,18;98,77
748,43;96,77
748,69;95,77
748,94;107,77
749,19;100,77
749,44;79,77
749,70;80,77
749,95;81,77
750,20;92,77
750,46;86,77
750,71;80,77
750,96;85,77
751,21;109,77
751,47;65,77
751,72;77,77
751,97;77,77
752,23;93,77
752,48;86,77
752,73;74,77
752,98;75,77
753,24;81,77
753,49;74,77
753,74;57,77
754,00;63,77
754,25;90,77
754,50;55,77
754,75;69,77
755,01;72,77
755,26;66,77
755,51;66,77
755,76;58,77
756,02;66,77
756,27;65,77
756,52;63,77
756,78;64,77
757,03;56,77
757,28;74,77
757,53;77,77
757,79;62,77
758,04;68,77
758,29;58,77
758,54;56,77
758,80;49,77
759,05;61,77
759,30;57,77
759,55;63,77
759,81;71,77
760,06;50,77
760,31;49,77
760,56;51,77
760,82;48,77
761,07;40,77
761,32;30,77
761,57;32,77
761,83;51,77
762,08;39,77
762,33;47,77
762,58;43,77
762,84;47,77
763,09;39,77
763,34;46,77
763,59;52,77
763,85;34,77
764,10;50,77
764,35;62,77
764,60;32,77
764,86;34,77
765,11;43,77
765,36;48,77
765,61;45,77
765,87;50,77
766,12;63,77
766,37;47,77
766,62;48,77
766,88;34,77
767,13;49,77
767,38;35,77
767,63;40,77
767,88;34,77
768,14;41,77
768,39;49,77
768,64;45,77
768,89;37,77
769,15;45,77
769,40;45,77
769,65;38,77
769,90;31,77
770,15;32,77
770,41;24,77
770,66;46,77
770,91;55,77
771,16;50,77
771,42;46,77
771,67;50,77
771,92;29,77
772,17;41,77
772,42;46,77
772,68;44,77
772,93;32,77
773,18;39,77
773,43;44,77
773,68;38,77
773,94;36,77
774,19;27,77
774,44;34,77
774,69;48,77
774,95;36,77
775,20;37,77
775,45;29,77
775,70;35,77
775,95;35,77
776,21;34,77
776,46;42,77
776,71;31,77
776,96;25,77
777,21;30,77
777,46;26,77
777,72;16,77
777,97;31,77
778,22;24,77
778,47;34,77
778,72;23,77
778,98;14,77
779,23;29,77
779,48;34,77
779,73;37,77
779,98;32,77
780,24;22,77
780,49;37,77
780,74;42,77
780,99;31,77
781,24;21,77
781,49;35,77
781,75;23,77
782,00;19,77
782,25;26,77
782,50;23,77
782,75;35,77
783,01;30,77
783,26;24,77
783,51;38,77
783,76;28,77
784,01;30,77
784,26;31,77
784,52;29,77
784,77;22,77
785,02;22,77
785,27;27,77
785,52;18,77
785,77;2,77
786,03;21,77
786,28;30,77
786,53;24,77
786,78;16,77
787,03;22,77
787,28;9,77
787,54;14,77
787,79;10,77
788,04;11,77
788,29;18,77
788,54;30,77
788,79;26,77
789,05;25,77
789,30;15,77
789,55;3,77
789,80;18,77
790,05;10,77
790,30;6,77
790,55;28,77
790,81;19,77
791,06;29,77
791,31;22,77
791,56;-0,23
791,81;15,77
792,06;14,77
792,31;17,77
792,57;24,77
792,82;18,77
793,07;28,77
793,32;0,77
793,57;15,77
793,82;15,77
794,07;7,77
794,33;19,77
794,58;26,77
794,83;10,77
795,08;15,77
795,33;12,77
795,58;12,77
795,83;3,77
796,08;31,77
796,34;15,77
796,59;16,77
796,84;15,77
797,09;8,77
797,34;9,77
797,59;7,77
797,84;4,77
798,09;6,77
798,35;14,77
798,60;13,77
798,85;20,77
799,10;26,77
799,35;10,77
799,60;7,77
799,85;18,77
800,10;10,77
800,36;12,77
800,61;23,77
800,86;8,77
801,11;-6,23
801,36;2,77
801,61;8,77
801,86;3,77
802,11;4,77
802,36;-5,23
802,61;15,77
802,87;-0,23
803,12;8,77
803,37;-0,23
803,62;10,77
803,87;21,77
804,12;9,77
804,37;14,77
804,62;-0,23
804,87;4,77
805,12;2,77
805,38;-0,23
805,63;-0,23
805,88;-4,23
806,13;11,77
806,38;3,77
806,63;8,77
806,88;4,77
807,13;3,77
807,38;-8,23
807,63;0,77
807,88;-3,23
808,14;1,77
808,39;5,77
808,64;1,77
808,89;-4,23
809,14;1,77
809,39;3,77
809,64;6,77
809,89;17,77
810,14;-3,23
810,39;1,77
810,64;-2,23
810,89;5,77
811,15;0,77
811,40;-1,23
811,65;-0,23
811,90;18,77
812,15;9,77
812,40;3,77
812,65;6,77
812,90;1,77
813,15;-0,23
813,40;-0,23
813,65;29,77
813,90;19,77
814,15;-2,23
814,40;8,77
814,65;0,77
814,91;7,77
815,16;4,77
815,41;3,77
815,66;-2,23
815,91;4,77
816,16;-3,23
816,41;-4,23
816,66;-1,23
816,91;-6,23
817,16;1,77
817,41;0,77
817,66;-0,23
817,91;7,77
818,16;-4,23
818,41;7,77
818,66;-10,23
818,91;-1,23
819,16;-3,23
819,41;-1,23
819,67;15,77
819,92;-9,23
820,17;-9,23
820,42;-7,23
820,67;11,77
820,92;5,77
821,17;-1,23
821,42;-1,23
821,67;0,77
821,92;-1,23
822,17;-3,23
822,42;5,77
822,67;-10,23
822,92;-1,23
823,17;0,77
823,42;3,77
823,67;5,77
823,92;3,77
824,17;-2,23
824,42;1,77
824,67;-1,23
824,92;9,77
825,17;5,77
825,42;6,77
825,67;11,77
825,92;13,77
826,17;14,77
826,42;-6,23
826,67;2,77
826,92;-0,23
827,17;8,77
827,42;-1,23
827,67;-2,23
827,92;1,77
828,18;-6,23
828,43;-19,23
828,68;-14,23
828,93;-7,23
829,18;9,77
829,43;-6,23
829,68;5,77
829,93;8,77
830,18;-0,23
830,43;-6,23
830,68;6,77
830,93;16,77
831,18;-2,23
831,43;7,77
831,68;-2,23
831,93;-12,23
832,18;-6,23
832,43;-12,23
832,68;-3,23
832,93;2,77
833,18;-5,23
833,43;3,77
833,68;-13,23
833,93;3,77
834,18;9,77
834,43;-2,23
834,68;-0,23
834,93;-6,23
835,18;1,77
835,43;6,77
835,67;-2,23
835,92;-2,23
836,17;-14,23
836,42;2,77
836,67;-2,23
836,92;-5,23
837,17;1,77
837,42;-4,23
837,67;2,77
837,92;-5,23
838,17;0,77
838,42;5,77
838,67;-1,23
838,92;5,77
839,17;10,77
839,42;4,77
839,67;-14,23
839,92;-5,23
840,17;7,77
840,42;-4,23
840,67;0,77
840,92;10,77
841,17;-9,23
841,42;2,77
841,67;-1,23
841,92;4,77
842,17;-5,23
842,42;-18,23
842,67;5,77
842,92;-2,23
843,17;14,77
843,42;-1,23
843,67;-17,23
843,92;6,77
844,16;-2,23
844,41;-8,23
844,66;-5,23
844,91;-1,23
845,16;-9,23
845,41;-16,23
845,66;3,77
845,91;-5,23
846,16;15,77
846,41;1,77
846,66;-9,23
846,91;-2,23
847,16;-12,23
847,41;1,77
847,66;-0,23
847,91;-11,23
848,16;-8,23
848,41;-1,23
848,66;-0,23
848,90;-5,23
849,15;-10,23
849,40;-20,23
849,65;-5,23
849,90;-7,23
850,15;2,77
850,40;-8,23
850,65;8,77
850,90;-0,23
851,15;-1,23
851,40;-4,23
851,65;16,77
851,90;5,77
852,15;-10,23
852,40;-2,23
852,64;-2,23
852,89;4,77
853,14;-1,23
853,39;-9,23
853,64;-2,23
853,89;0,77
854,14;-16,23
854,39;-17,23
854,64;1,77
854,89;-5,23
855,14;-10,23
855,39;-4,23
855,63;1,77
855,88;-9,23
856,13;-0,23
856,38;-1,23
856,63;-11,23
856,88;-0,23
857,13;5,77
857,38;0,77
857,63;-10,23
857,88;-14,23
858,13;-6,23
858,37;-1,23
858,62;-1,23
858,87;1,77
859,12;0,77
859,37;-14,23
859,62;0,77
859,87;0,77
860,12;-2,23
860,37;-2,23
860,62;-6,23
860,86;-4,23
861,11;-10,23
861,36;-6,23
861,61;-2,23
861,86;-4,23
862,11;-13,23
862,36;-1,23
862,61;-2,23
862,86;-7,23
863,10;0,77
863,35;-4,23
863,60;9,77
863,85;25,77
864,10;3,77
864,35;-12,23
864,60;-5,23
864,85;1,77
865,10;-0,23
865,34;1,77
865,59;-5,23
865,84;6,77
866,09;-9,23
866,34;-7,23
866,59;-1,23
866,84;-1,23
867,09;-10,23
867,33;-16,23
867,58;-4,23
867,83;-4,23
868,08;-12,23
868,33;-3,23
868,58;3,77
868,83;3,77
869,07;9,77
869,32;-6,23
869,57;-6,23
869,82;-9,23
870,07;-12,23
870,32;-2,23
870,57;-1,23
870,81;-6,23
871,06;-5,23
871,31;6,77
871,56;-0,23
871,81;-3,23
872,06;-1,23
872,31;-5,23
872,55;7,77
872,80;-6,23
873,05;-10,23
873,30;0,77
873,55;-13,23
873,80;-1,23
874,05;-1,23
874,29;-6,23
874,54;-0,23
874,79;2,77
875,04;-16,23
875,29;-10,23
875,54;-8,23
875,78;-9,23
876,03;20,77
876,28;-1,23
876,53;-4,23
876,78;-2,23
877,03;6,77
877,27;10,77
877,52;1,77
877,77;-7,23
878,02;-5,23
878,27;-6,23
878,52;-5,23
878,76;16,77
879,01;7,77
879,26;-3,23
879,51;3,77
879,76;0,77
880,01;2,77
880,25;-15,23
880,50;2,77
880,75;-5,23
881,00;-9,23
881,25;-9,23
881,50;-5,23
881,74;-5,23
881,99;-4,23
882,24;-16,23
882,49;-8,23
882,74;-10,23
882,98;-2,23
883,23;-4,23
883,48;-5,23
883,73;8,77
883,98;0,77
884,22;-15,23
884,47;-7,23
884,72;0,77
884,97;-2,23
885,22;-2,23
885,46;-0,23
885,71;-8,23
885,96;-3,23
886,21;6,77
886,46;6,77
886,70;-0,23
886,95;-13,23
887,20;-9,23
887,45;4,77
887,70;-6,23
887,94;-15,23
888,19;-4,23
888,44;2,77
888,69;-2,23
888,94;6,77
889,18;1,77
889,43;-11,23
889,68;-9,23
889,93;-3,23
890,18;-2,23
890,42;1,77
890,67;-10,23
890,92;-8,23
891,17;13,77
891,42;-5,23
891,66;2,77
891,91;-5,23
892,16;-2,23
892,41;1,77
892,65;-13,23
892,90;13,77
893,15;1,77
893,40;-13,23
893,65;-4,23
893,89;-4,23
894,14;6,77
894,39;0,77
894,64;0,77
894,88;-13,23
895,13;-11,23
895,38;-1,23
895,63;-1,23
895,87;-5,23
896,12;-4,23
896,37;-3,23
896,62;2,77
896,86;-6,23
897,11;-2,23
897,36;2,77
897,61;-10,23
897,86;1,77
898,10;-0,23
898,35;0,77
898,60;-15,23
898,85;-6,23
899,09;0,77
899,34;-2,23
899,59;-1,23
899,84;1,77
900,08;-0,23
900,33;11,77
900,58;3,77
900,83;-9,23
901,07;-1,23
901,32;1,77
901,57;-6,23
901,82;-1,23
902,06;0,77
902,31;-10,23
902,56;-0,23
902,81;25,77
903,05;4,77
903,30;-15,23
903,55;-19,23
903,79;-8,23
904,04;-1,23
904,29;9,77
904,54;-4,23
904,78;-9,23
905,03;-0,23
905,28;-8,23
905,53;9,77
905,77;-12,23
906,02;7,77
906,27;-2,23
906,52;-1,23
906,76;-9,23
907,01;-8,23
907,26;-2,23
907,50;-0,23
907,75;-10,23
908,00;-17,23
908,25;-9,23
908,49;-8,23
908,74;-10,23
908,99;-10,23
909,23;-1,23
909,48;-1,23
909,73;-19,23
909,98;-9,23
910,22;-17,23
910,47;-16,23
910,72;-6,23
910,96;-0,23
911,21;-5,23
911,46;-5,23
911,71;0,77
911,95;-8,23
912,20;0,77
912,45;-2,23
912,69;2,77
912,94;-8,23
913,19;-0,23
913,43;-5,23
913,68;0,77
913,93;-3,23
914,18;-2,23
914,42;-3,23
914,67;-2,23
914,92;-1,23
915,16;-0,23
915,41;-7,23
915,66;-0,23
915,90;-9,23
916,15;-6,23
916,40;-2,23
916,64;-11,23
916,89;-2,23
917,14;6,77
917,39;5,77
917,63;-13,23
917,88;-10,23
918,13;-9,23
918,37;-6,23
918,62;-4,23
918,87;-10,23
919,11;-10,23
919,36;-13,23
919,61;1,77
919,85;-8,23
920,10;1,77
920,35;3,77
920,59;-5,23
920,84;-8,23
921,09;7,77
921,33;-6,23
921,58;-9,23
921,83;-0,23
922,07;1,77
922,32;-6,23
922,57;-11,23
922,81;-9,23
923,06;9,77
923,31;3,77
923,55;-0,23
923,80;-4,23
924,05;-0,23
924,29;-4,23
924,54;0,77
924,79;-12,23
925,03;-2,23
925,28;-15,23
925,53;10,77
925,77;-2,23
926,02;3,77
926,27;-0,23
926,51;-0,23
926,76;-2,23
927,01;5,77
927,25;4,77
927,50;-8,23
927,75;-20,23
927,99;-11,23
928,24;-7,23
928,48;-2,23
928,73;-3,23
928,98;-12,23
929,22;-2,23
929,47;-5,23
929,72;-9,23
929,96;-10,23
930,21;-8,23
930,46;11,77
930,70;5,77
930,95;4,77
931,19;-14,23
931,44;4,77
931,69;-10,23
931,93;-5,23
932,18;-11,23
932,43;-11,23
932,67;-18,23
932,92;-5,23
933,17;-3,23
933,41;15,77
933,66;-9,23
933,90;-1,23
934,15;-7,23
934,40;4,77
934,64;-15,23
934,89;-7,23
935,14;-1,23
935,38;5,77
935,63;1,77
935,87;2,77
936,12;4,77
936,37;-8,23
936,61;-4,23
936,86;-2,23
937,10;3,77
937,35;-3,23
937,60;-13,23
937,84;-17,23
938,09;-13,23
938,33;2,77
938,58;-7,23
938,83;-3,23
939,07;-7,23
939,32;-10,23
939,57;-6,23
939,81;-0,23
940,06;-6,23
940,30;-9,23
940,55;-1,23
940,80;5,77
941,04;-9,23
941,29;3,77
941,53;10,77
941,78;5,77
942,02;-6,23
942,27;-12,23
942,52;-9,23
942,76;0,77
943,01;2,77
943,25;16,77
943,50;3,77
943,75;-5,23
943,99;-5,23
944,24;-1,23
944,48;-10,23
944,73;-3,23
944,98;3,77
945,22;1,77
945,47;-9,23
945,71;5,77
945,96;5,77
946,20;-8,23
946,45;2,77
946,70;4,77
946,94;7,77
947,19;-12,23
947,43;-2,23
947,68;-1,23
947,92;-9,23
948,17;-14,23
948,42;12,77
948,66;6,77
948,91;-0,23
949,15;7,77
949,40;-1,23
949,64;5,77
949,89;1,77
950,14;-8,23
950,38;-5,23
950,63;-5,23
950,87;-4,23
951,12;-15,23
951,36;-24,23
951,61;-7,23
951,85;-0,23
952,10;-8,23
952,35;-10,23
952,59;-3,23
952,84;10,77
953,08;-2,23
953,33;-16,23
953,57;5,77
953,82;-9,23
954,06;-5,23
954,31;-6,23
954,56;2,77
954,80;-15,23
955,05;-9,23
955,29;-5,23
955,54;-6,23
955,78;-14,23
956,03;-7,23
956,27;5,77
956,52;2,77
956,76;2,77
957,01;-7,23
957,25;-6,23
957,50;-4,23
957,75;-9,23
957,99;-8,23
958,24;-6,23
958,48;-0,23
958,73;3,77
958,97;-5,23
959,22;3,77
959,46;-10,23
959,71;-0,23
959,95;-0,23
960,20;-2,23
960,44;-0,23
960,69;-1,23
960,93;21,77
961,18;6,77
961,42;6,77
961,67;3,77
961,91;-16,23
962,16;-3,23
962,41;1,77
962,65;-2,23
962,90;-1,23
963,14;-4,23
963,39;-4,23
963,63;0,77
963,88;-4,23
964,12;-5,23
964,37;-5,23
964,61;2,77
964,86;-11,23
965,10;-10,23
965,35;3,77
965,59;-1,23
965,84;-0,23
966,08;-7,23
966,33;-11,23
966,57;-12,23
966,82;-16,23
967,06;-9,23
967,31;7,77
967,55;-4,23
967,80;-2,23
968,04;-10,23
968,29;-0,23
968,53;-8,23
968,78;-13,23
969,02;-15,23
969,27;7,77
969,51;-0,23
969,76;-9,23
970,00;-6,23
970,25;-0,23
970,49;-6,23
970,74;-9,23
970,98;-7,23
971,23;-8,23
971,47;-9,23
971,71;-1,23
971,96;-5,23
972,20;-9,23
972,45;-6,23
972,69;2,77
972,94;-4,23
973,18;0,77
973,43;-7,23
973,67;-5,23
973,92;-13,23
974,16;4,77
974,41;-0,23
974,65;-1,23
974,90;-14,23
975,14;1,77
975,39;0,77
975,63;2,77
975,88;-2,23
976,12;31,77
976,36;-5,23
976,61;-6,23
976,85;-5,23
977,10;7,77
977,34;6,77
977,59;4,77
977,83;21,77
978,08;3,77
978,32;-1,23
978,57;-1,23
978,81;5,77
979,05;1,77
979,30;-8,23
979,54;-10,23
979,79;-7,23
980,03;-6,23
980,28;1,77
980,52;-3,23
980,77;-9,23
981,01;5,77
981,26;-9,23
981,50;-6,23
981,74;-7,23
981,99;-0,23
982,23;-0,23
982,48;6,77
982,72;2,77
982,97;-17,23
983,21;1,77
983,45;-6,23
983,70;1,77
983,94;-9,23
984,19;1,77
984,43;0,77
984,68;-11,23
984,92;5,77
985,17;5,77
985,41;-4,23
985,65;-2,23
985,90;-3,23
986,14;10,77
986,39;7,77
986,63;5,77
986,87;-13,23
987,12;-3,23
987,36;-0,23
987,61;0,77
987,85;7,77
988,10;-3,23
988,34;-22,23
988,58;-6,23
988,83;-1,23
989,07;-5,23
989,32;-16,23
989,56;-12,23
989,80;-14,23
990,05;-20,23
990,29;-6,23
990,54;-16,23
990,78;-1,23
991,03;-9,23
991,27;-4,23
991,51;-0,23
991,76;-9,23
992,00;0,77
992,25;-11,23
992,49;5,77
992,73;-11,23
992,98;-14,23
993,22;-7,23
993,47;-2,23
993,71;-3,23
993,95;-11,23
994,20;-17,23
994,44;-0,23
994,69;-8,23
994,93;2,77
995,17;-2,23
995,42;1,77
995,66;-18,23
995,90;3,77
996,15;-4,23
996,39;-9,23
996,64;-8,23
996,88;2,77
997,12;-17,23
997,37;-5,23
997,61;7,77
997,86;3,77
998,10;6,77
998,34;-14,23
998,59;-5,23
998,83;-4,23
999,07;-4,23
999,32;-13,23
999,56;-20,23
999,81;-0,23
1000,05;-6,23
1000,29;-3,23
1000,54;-1,23
1000,78;2,77
1001,02;-5,23
1001,27;2,77
1001,51;0,77
1001,76;-9,23
1002,00;3,77
1002,24;-2,23
1002,49;3,77
1002,73;-9,23
1002,97;-0,23
1003,22;3,77
1003,46;10,77
1003,70;-11,23
1003,95;-8,23
1004,19;0,77
1004,44;-13,23
1004,68;-10,23
1004,92;-19,23
1005,17;-15,23
1005,41;-4,23
1005,65;-1,23
1005,90;-1,23
1006,14;6,77
1006,38;10,77
1006,63;-11,23
1006,87;-2,23
1007,11;-6,23
1007,36;-15,23
1007,60;-17,23
1007,84;-14,23
1008,09;-22,23
1008,33;-15,23
1008,57;-0,23
1008,82;-8,23
1009,06;-5,23
1009,30;-12,23
1009,55;-8,23
1009,79;-13,23
1010,03;-14,23
1010,28;3,77
1010,52;2,77
1010,76;-12,23
1011,01;-9,23
1011,25;-5,23
1011,49;-16,23
1011,74;-2,23
1011,98;-0,23
1012,22;-10,23
1012,47;-10,23
1012,71;-9,23
1012,95;-13,23
1013,20;-18,23
1013,44;-15,23
1013,68;-5,23
1013,93;-20,23
1014,17;-18,23
1014,41;-17,23
1014,66;-17,23
1014,90;-4,23
1015,14;-0,23
1015,39;5,77
1015,63;-0,23
1015,87;-4,23
1016,12;-7,23
1016,36;1,77
1016,60;-9,23
1016,84;-11,23
1017,09;-14,23
1017,33;-3,23
1017,57;-8,23
1017,82;-24,23
1018,06;-0,23
1018,30;2,77
1018,55;-7,23
1018,79;-1,23
1019,03;-1,23
1019,27;-4,23
1019,52;-2,23
1019,76;-22,23
1020,00;-13,23
1020,25;-3,23
1020,49;-5,23
1020,73;-11,23
1020,98;-10,23
1021,22;-15,23
1021,46;-2,23
1021,70;-4,23
1021,95;-3,23
1022,19;3,77
1022,43;-1,23
1022,68;-2,23
1022,92;-6,23
1023,16;-1,23
1023,40;-8,23
1023,65;7,77
1023,89;-9,23
1024,13;-2,23
1024,38;-4,23
1024,62;-3,23
1024,86;-7,23
1025,10;-9,23
1025,35;-10,23
1025,59;4,77
1025,83;-3,23
1026,07;-4,23
1026,32;-2,23
1026,56;1,77
1026,80;-0,23
1027,05;-5,23
1027,29;-1,23
1027,53;-10,23
1027,77;-12,23
1028,02;-2,23
1028,26;-13,23
1028,50;-0,23
1028,74;-7,23
1028,99;-13,23
1029,23;-6,23
1029,47;-9,23
1029,71;-14,23
1029,96;-11,23
1030,20;-2,23
1030,44;-17,23
1030,68;-1,23
1030,93;-13,23
1031,17;-7,23
1031,41;-4,23
1031,65;7,77
1031,90;-31,23
1032,14;-9,23
1032,38;-12,23
1032,62;-14,23
1032,87;1,77
1033,11;6,77
1033,35;-4,23
1033,59;-3,23
1033,84;-12,23
1034,08;-19,23
1034,32;-9,23
1034,56;-6,23
1034,81;-18,23
1035,05;-2,23
1035,29;3,77
1035,53;-9,23
1035,78;-9,23
1036,02;-4,23
1036,26;-11,23
1036,50;-4,23
1036,74;-12,23
1036,99;-12,23
1037,23;-11,23
1037,47;-14,23
1037,71;11,77
1037,96;-6,23
1038,20;-2,23
1038,44;-9,23
1038,68;7,77
1038,93;-2,23
1039,17;-4,23
1039,41;-2,23
1039,65;-15,23
1039,89;-11,23
1040,14;-15,23
1040,38;-19,23
1040,62;-5,23
1040,86;-10,23
1041,10;-4,23
1041,35;3,77
1041,59;-14,23
1041,83;-13,23
1042,07;-6,23
1042,32;-13,23
1042,56;1,77
1042,80;-4,23
1043,04;-18,23
1043,28;-8,23
1043,53;-12,23
1043,77;-10,23
1044,01;-4,23
1044,25;-11,23
1044,49;-8,23
1044,74;-2,23
1044,98;-16,23
1045,22;-5,23
1045,46;-9,23
1045,70;-10,23
1045,95;-4,23
1046,19;-2,23
1046,43;-17,23
1046,67;-20,23
1046,91;-17,23
1047,16;-14,23
1047,40;-3,23
1047,64;-0,23
1047,88;5,77
1048,12;-15,23
1048,36;-19,23
1048,61;4,77
1048,85;-16,23
1049,09;-9,23
1049,33;-4,23
1049,57;-11,23
1049,82;-2,23
1050,06;-12,23
1050,30;-14,23
1050,54;-20,23
1050,78;-7,23
1051,02;3,77
1051,27;-21,23
1051,51;0,77
1051,75;-5,23
1051,99;-9,23
1052,23;-6,23
1052,47;-9,23
1052,72;-12,23
1052,96;-9,23
1053,20;-16,23
1053,44;-13,23
1053,68;-5,23
1053,92;-12,23
1054,17;-1,23
1054,41;-8,23
1054,65;-4,23
1054,89;-9,23
1055,13;1,77
1055,37;-24,23
1055,62;-17,23
1055,86;-12,23
1056,10;-17,23
1056,34;-1,23
1056,58;-6,23
1056,82;-6,23
1057,07;-12,23
1057,31;-2,23
1057,55;-7,23
1057,79;-12,23
1058,03;-10,23
1058,27;-6,23
1058,51;-1,23
1058,76;-2,23
1059,00;-3,23
1059,24;-18,23
1059,48;-7,23
1059,72;-6,23
1059,96;-13,23
1060,20;-3,23
1060,45;-7,23
1060,69;-18,23
1060,93;-14,23
1061,17;-9,23
1061,41;-14,23
1061,65;-17,23
1061,89;-12,23
1062,13;-8,23
1062,38;-23,23
1062,62;-5,23
1062,86;-5,23
1063,10;-10,23
1063,34;-4,23
1063,58;-13,23
1063,82;-9,23
1064,07;-8,23
1064,31;-8,23
1064,55;-4,23
1064,79;-11,23
1065,03;-15,23
1065,27;-12,23
1065,51;-6,23
1065,75;5,77
1065,99;-0,23
1066,24;-6,23
1066,48;-7,23
1066,72;1,77
1066,96;-3,23
1067,20;-11,23
1067,44;1,77
1067,68;1,77
1067,92;-6,23
1068,16;-23,23
1068,41;-12,23
1068,65;-12,23
1068,89;-5,23
1069,13;-5,23
1069,37;2,77
1069,61;-2,23
1069,85;-11,23
1070,09;9,77
1070,33;3,77
1070,57;0,77
1070,82;-14,23
1071,06;-16,23
1071,30;-18,23
1071,54;-11,23
1071,78;-11,23
1072,02;-4,23
1072,26;-17,23
1072,50;-13,23
1072,74;-15,23
1072,98;-11,23
1073,23;-18,23
1073,47;-6,23
1073,71;-7,23
1073,95;-6,23
1074,19;-12,23
1074,43;-5,23
1074,67;-13,23
1074,91;-12,23
1075,15;-9,23
1075,39;-24,23
1075,63;-7,23
1075,87;-16,23
1076,11;-8,23
1076,36;-17,23
1076,60;-13,23
1076,84;-1,23
1077,08;-8,23
1077,32;-0,23
1077,56;1,77
1077,80;-7,23
1078,04;-19,23
1078,28;-6,23
1078,52;-5,23
1078,76;-11,23
1079,00;-13,23
1079,24;-1,23
1079,48;-2,23
1079,73;-16,23
1079,97;-0,23
1080,21;-16,23
1080,45;-17,23
1080,69;-22,23
1080,93;-6,23
1081,17;-8,23
1081,41;-5,23
1081,65;-6,23
1081,89;-8,23
1082,13;-13,23
1082,37;-3,23
1082,61;-3,23
1082,85;-11,23
1083,09;-20,23
1083,33;-0,23
1083,57;-18,23
1083,81;3,77
1084,05;-1,23
1084,30;-0,23
1084,54;-0,23
1084,78;-2,23
1085,02;-1,23
1085,26;-7,23
1085,50;13,77
1085,74;3,77
1085,98;-2,23
1086,22;-2,23
1086,46;-6,23
1086,70;-6,23
1086,94;-9,23
1087,18;-15,23
1087,42;-18,23
1087,66;-10,23
1087,90;-2,23
1088,14;5,77
1088,38;-4,23
1088,62;-3,23
1088,86;-20,23
1089,10;-1,23
1089,34;-12,23
1089,58;-5,23
1089,82;-0,23
1090,06;-9,23
1090,30;-2,23
1090,54;5,77
1090,78;-12,23
1091,02;-13,23
1091,26;-7,23
1091,50;-9,23
1091,74;-6,23
1091,98;-13,23
1092,22;-9,23
1092,46;-2,23
1092,70;-11,23
1092,94;-6,23
1093,18;-6,23
1093,43;-5,23
1093,67;-20,23
1093,91;-2,23
1094,15;-9,23
1094,39;-4,23
1094,63;-3,23
1094,87;-7,23
1095,11;-17,23
1095,35;-6,23
1095,59;-6,23
1095,83;-13,23
1096,07;-10,23
1096,31;-14,23
1096,55;2,77
1096,79;-0,23
1097,03;-9,23
1097,27;-21,23
1097,50;-12,23
1097,74;-10,23
1097,98;-16,23
1098,22;-14,23
1098,46;-4,23
1098,70;2,77
1098,94;-4,23
1099,18;-4,23
1099,42;-12,23
1099,66;-10,23
1099,90;-9,23
1100,14;-3,23
1100,38;-5,23
1100,62;-2,23
1100,86;0,77
1101,10;-3,23
1101,34;-6,23
1101,58;-15,23
1101,82;-11,23
1102,06;-9,23
1102,30;-1,23
1102,54;-2,23
1102,78;-10,23
1103,02;-24,23
1103,26;-5,23
1103,50;-5,23
1103,74;-11,23
1103,98;-22,23
1104,22;-16,23
1104,46;-3,23
1104,70;-9,23
1104,94;-12,23
1105,18;-5,23
1105,42;-20,23
1105,66;-12,23
1105,90;-12,23
1106,14;-22,23
1106,38;-11,23
1106,61;3,77
1106,85;-1,23
1107,09;7,77
1107,33;-11,23
1107,57;-13,23
1107,81;-6,23
1108,05;4,77
1108,29;-1,23
1108,53;-10,23
1108,77;2,77
1109,01;-3,23
1109,25;-10,23
1109,49;-12,23
1109,73;-0,23
1109,97;-8,23
1110,21;-3,23
1110,45;-6,23
1110,69;-4,23
1110,93;-6,23
1111,16;-3,23
1111,40;-1,23
1111,64;-0,23
1111,88;-13,23
1112,12;-6,23
1112,36;-11,23
1112,60;-16,23
1112,84;-6,23
1113,08;-21,23
1113,32;-13,23
1113,56;-5,23
1113,80;-4,23
1114,04;0,77
1114,28;-19,23
1114,51;-4,23
1114,75;-2,23
1114,99;-7,23
1115,23;-3,23
1115,47;0,77
1115,71;-16,23
1115,95;-8,23
1116,19;-13,23
1116,43;-4,23
1116,67;-8,23
1116,91;-9,23
1117,15;5,77
1117,38;-1,23
1117,62;-0,23
1117,86;-3,23
1118,10;-11,23
1118,34;5,77
1118,58;0,77
1118,82;-6,23
1119,06;-12,23
1119,30;-1,23
1119,54;8,77
1119,78;2,77
1120,01;-1,23
1120,25;5,77
1120,49;-14,23
1120,73;-1,23
1120,97;-5,23
1121,21;11,77
1121,45;-3,23
1121,69;-6,23
1121,93;-1,23
1122,17;1,77
1122,40;-2,23
1122,64;-2,23
1122,88;-4,23
1123,12;-1,23
1123,36;9,77
1123,60;11,77
1123,84;-5,23
1124,08;-10,23
1124,32;-12,23
1124,55;-14,23
1124,79;-11,23
1125,03;1,77
1125,27;-13,23
1125,51;-9,23
1125,75;3,77
1125,99;-4,23
1126,23;-6,23
